,playId,gameId,duration,t_med,Won Time,event
0,76,2021101400,19.0,38.0,0.0,pass
1,334,2021101400,33.0,39.0,-0.6,hurry
2,379,2021101400,50.0,39.0,1.1,scramble
3,419,2021101400,26.0,39.0,0.0,pass
4,441,2021101400,33.0,34.0,-0.1,scramble
5,500,2021101400,30.0,40.0,-1.0,hurry
6,627,2021101400,26.0,43.0,0.0,pass
7,651,2021101400,20.0,38.0,0.0,pass
8,686,2021101400,19.0,37.0,0.0,pass
9,938,2021101400,18.0,39.0,-2.1,hurry
10,962,2021101400,19.0,34.0,-1.5,hurry
11,1054,2021101400,21.0,37.0,-1.6,hurry
12,1171,2021101400,26.0,39.0,-1.3,hurry
13,1253,2021101400,29.0,38.0,-0.9,hurry
14,1375,2021101400,34.0,39.0,0.0,pass
15,1447,2021101400,22.0,39.0,0.0,pass
16,1609,2021101400,23.0,39.0,0.0,pass
17,1724,2021101400,48.0,39.0,0.9,scramble
18,1752,2021101400,37.0,39.0,-0.2,scramble
19,1778,2021101400,58.0,39.0,1.9,pass
20,1879,2021101400,34.0,39.0,0.0,pass
21,1901,2021101400,30.0,39.0,-0.9,hurry
22,1923,2021101400,33.0,40.0,-0.7,hurry
23,1959,2021101400,29.0,44.0,0.0,pass
24,1983,2021101400,41.0,42.0,-0.1,scramble
25,2016,2021101400,52.0,43.0,0.9,scramble
26,2170,2021101400,30.0,39.0,0.0,pass
27,2217,2021101400,21.0,38.0,0.0,pass
28,2241,2021101400,26.0,38.0,0.0,pass
29,2312,2021101400,24.0,38.0,0.0,pass
30,2722,2021101400,35.0,39.0,-0.4,hurry
31,2744,2021101400,31.0,39.0,-0.8,scramble
32,2797,2021101400,26.0,34.0,0.0,pass
33,2843,2021101400,29.0,39.0,-1.0,hurry
34,3152,2021101400,31.0,35.0,-0.4,scramble
35,3278,2021101400,19.0,33.0,0.0,pass
36,3302,2021101400,29.0,37.0,-0.8,hurry
37,3326,2021101400,28.0,35.0,0.0,pass
38,3368,2021101400,25.0,34.0,0.0,pass
39,3390,2021101400,29.0,39.0,0.0,pass
40,3669,2021101400,19.0,34.0,0.0,pass
41,3761,2021101400,25.0,39.0,-1.4,scramble
42,3823,2021101400,25.0,34.0,0.0,pass
43,95,2021101700,21.0,39.0,0.0,pass
44,142,2021101700,37.0,39.0,0.0,pass
45,259,2021101700,32.0,36.0,0.0,pass
46,283,2021101700,24.0,33.0,-0.9,hurry
47,305,2021101700,19.0,35.0,0.0,pass
48,329,2021101700,23.0,44.0,0.0,pass
49,499,2021101700,24.0,39.0,0.0,pass
50,544,2021101700,25.0,39.0,0.0,pass
51,632,2021101700,28.0,39.0,0.0,pass
52,874,2021101700,16.0,35.0,0.0,pass
53,1048,2021101700,32.0,40.0,0.0,pass
54,1077,2021101700,31.0,40.0,-0.9,hurry
55,1190,2021101700,24.0,42.0,-1.8,hurry
56,1388,2021101700,35.0,38.0,-0.3,scramble
57,1438,2021101700,35.0,49.0,0.0,pass
58,1507,2021101700,25.0,45.0,-2.0,hurry
59,1563,2021101700,22.0,39.0,0.0,pass
60,1592,2021101700,22.0,36.0,-1.4,hurry
61,1693,2021101700,17.0,39.0,0.0,pass
62,1714,2021101700,27.0,40.0,-1.3,hurry
63,1765,2021101700,33.0,34.0,-0.1,scramble
64,1814,2021101700,21.0,37.0,-1.6,scramble
65,1853,2021101700,34.0,33.0,0.1,hurry
66,2008,2021101700,21.0,40.0,0.0,pass
67,2056,2021101700,18.0,39.0,0.0,pass
68,2156,2021101700,33.0,38.0,0.0,pass
69,2178,2021101700,25.0,39.0,0.0,pass
70,2275,2021101700,26.0,36.0,0.0,pass
71,2297,2021101700,28.0,38.0,0.0,pass
72,2326,2021101700,25.0,38.0,0.0,pass
73,2467,2021101700,29.0,39.0,0.0,pass
74,2514,2021101700,21.0,37.0,0.0,pass
75,2536,2021101700,26.0,39.0,0.0,pass
76,2560,2021101700,30.0,34.0,-0.4,scramble
77,2721,2021101700,25.0,38.0,0.0,pass
78,2745,2021101700,37.0,44.0,-0.7,scramble
79,2810,2021101700,32.0,40.0,-0.8,scramble
80,2831,2021101700,36.0,34.0,0.2,hurry
81,2904,2021101700,24.0,44.0,0.0,pass
82,2952,2021101700,36.0,40.0,0.0,pass
83,3280,2021101700,25.0,33.0,-0.8,hurry
84,3450,2021101700,24.0,38.0,-1.4,hurry
85,3631,2021101700,44.0,40.0,0.4,scramble
86,3700,2021101700,34.0,44.0,-1.0,scramble
87,3724,2021101700,30.0,36.0,-0.6,hurry
88,3815,2021101700,21.0,39.0,0.0,pass
89,3839,2021101700,25.0,38.0,0.0,pass
90,3951,2021101700,20.0,41.0,0.0,pass
91,4047,2021101700,24.0,33.0,0.0,pass
92,4071,2021101700,18.0,36.0,0.0,pass
93,4120,2021101700,42.0,39.0,0.3,scramble
94,4285,2021101700,24.0,38.0,-1.4,hurry
95,4307,2021101700,25.0,33.0,0.0,pass
96,4424,2021101700,22.0,40.0,0.0,pass
97,4498,2021101700,15.0,43.0,0.0,pass
98,63,2021101701,29.0,34.0,0.0,pass
99,132,2021101701,27.0,42.0,0.0,pass
100,161,2021101701,24.0,39.0,0.0,pass
101,669,2021101701,39.0,34.0,0.5,sack
102,914,2021101701,34.0,41.0,0.0,pass
103,1036,2021101701,27.0,39.0,0.0,pass
104,1104,2021101701,18.0,36.0,0.0,pass
105,1126,2021101701,33.0,34.0,0.0,pass
106,1184,2021101701,24.0,40.0,0.0,pass
107,1230,2021101701,22.0,39.0,-1.7,scramble
108,1254,2021101701,20.0,39.0,0.0,pass
109,1276,2021101701,24.0,36.0,0.0,pass
110,1298,2021101701,45.0,39.0,0.6,scramble
111,1326,2021101701,35.0,38.0,-0.3,scramble
112,1493,2021101701,28.0,39.0,0.0,pass
113,1517,2021101701,27.0,39.0,0.0,pass
114,1716,2021101701,20.0,38.0,0.0,pass
115,1803,2021101701,44.0,37.0,0.7,sack
116,1822,2021101701,32.0,40.0,0.0,pass
117,1844,2021101701,40.0,40.0,0.0,sack
118,2014,2021101701,22.0,32.0,0.0,pass
119,2338,2021101701,35.0,40.0,0.0,pass
120,2392,2021101701,23.0,30.0,-0.7,hurry
121,2435,2021101701,30.0,40.0,0.0,pass
122,2457,2021101701,28.0,35.0,0.0,pass
123,2519,2021101701,28.0,39.0,0.0,pass
124,2563,2021101701,28.0,41.0,0.0,pass
125,2786,2021101701,36.0,35.0,0.1,hurry
126,2899,2021101701,20.0,36.0,0.0,pass
127,2923,2021101701,28.0,39.0,0.0,pass
128,3010,2021101701,26.0,39.0,0.0,pass
129,3032,2021101701,30.0,34.0,0.0,pass
130,3113,2021101701,39.0,38.0,0.1,hurry
131,3137,2021101701,26.0,37.0,-1.1,scramble
132,3172,2021101701,34.0,41.0,0.0,pass
133,3236,2021101701,20.0,35.0,0.0,pass
134,3376,2021101701,25.0,38.0,0.0,pass
135,3500,2021101701,31.0,39.0,0.0,pass
136,3545,2021101701,50.0,39.0,1.1,sack
137,3564,2021101701,27.0,30.0,-0.3,hurry
138,123,2021101702,25.0,39.0,0.0,pass
139,173,2021101702,29.0,40.0,0.0,pass
140,197,2021101702,24.0,34.0,0.0,pass
141,428,2021101702,30.0,39.0,0.0,pass
142,628,2021101702,25.0,39.0,0.0,pass
143,652,2021101702,31.0,39.0,0.0,pass
144,697,2021101702,27.0,34.0,0.0,pass
145,790,2021101702,22.0,39.0,0.0,pass
146,911,2021101702,38.0,37.0,0.1,sack
147,947,2021101702,18.0,38.0,0.0,pass
148,1224,2021101702,26.0,38.0,0.0,pass
149,1379,2021101702,26.0,38.0,0.0,pass
150,1417,2021101702,51.0,39.0,1.2,hurry
151,1439,2021101702,34.0,43.0,0.0,pass
152,1741,2021101702,26.0,33.0,0.0,pass
153,1813,2021101702,24.0,39.0,0.0,pass
154,1869,2021101702,21.0,43.0,0.0,pass
155,1914,2021101702,33.0,36.0,0.0,pass
156,2084,2021101702,27.0,38.0,0.0,pass
157,2108,2021101702,26.0,39.0,0.0,pass
158,2130,2021101702,20.0,35.0,0.0,pass
159,2192,2021101702,32.0,40.0,-0.8,scramble
160,2251,2021101702,34.0,43.0,-0.9,hurry
161,2292,2021101702,27.0,38.0,-1.1,hurry
162,2352,2021101702,23.0,36.0,0.0,pass
163,2393,2021101702,28.0,36.0,0.0,pass
164,2415,2021101702,32.0,39.0,0.0,pass
165,2503,2021101702,22.0,39.0,0.0,pass
166,2601,2021101702,37.0,45.0,0.0,pass
167,2678,2021101702,34.0,40.0,-0.6,scramble
168,2697,2021101702,32.0,39.0,0.0,pass
169,2774,2021101702,42.0,35.0,0.7,scramble
170,2793,2021101702,32.0,38.0,0.0,pass
171,2847,2021101702,43.0,33.0,1.0,hurry
172,2869,2021101702,26.0,36.0,0.0,pass
173,2954,2021101702,25.0,38.0,0.0,pass
174,2976,2021101702,24.0,34.0,-1.0,hurry
175,3177,2021101702,26.0,33.0,-0.7,hurry
176,3345,2021101702,30.0,47.0,0.0,pass
177,3367,2021101702,27.0,47.0,0.0,pass
178,3680,2021101702,23.0,39.0,0.0,pass
179,3794,2021101702,27.0,38.0,0.0,pass
180,3881,2021101702,29.0,38.0,-0.9,scramble
181,3902,2021101702,23.0,34.0,-1.1,hurry
182,3924,2021101702,41.0,35.0,0.6,sack
183,3954,2021101702,27.0,39.0,0.0,pass
184,3976,2021101702,32.0,39.0,-0.7,sack
185,4089,2021101702,31.0,38.0,-0.7,scramble
186,4110,2021101702,29.0,39.0,-1.0,hurry
187,4134,2021101702,28.0,39.0,0.0,pass
188,4158,2021101702,36.0,38.0,-0.2,scramble
189,4201,2021101702,47.0,39.0,0.8,scramble
190,4412,2021101702,31.0,41.0,0.0,pass
191,4434,2021101702,27.0,38.0,0.0,pass
192,4477,2021101702,31.0,39.0,0.0,pass
193,4499,2021101702,33.0,39.0,0.0,pass
194,4523,2021101702,16.0,34.0,0.0,pass
195,4547,2021101702,37.0,38.0,-0.1,scramble
196,4573,2021101702,27.0,36.0,-0.9,hurry
197,4595,2021101702,36.0,42.0,-0.6,scramble
198,4624,2021101702,16.0,35.0,0.0,pass
199,4663,2021101702,21.0,33.0,-1.2,hurry
200,4692,2021101702,28.0,38.0,0.0,pass
201,4746,2021101702,16.0,38.0,0.0,pass
202,4775,2021101702,35.0,38.0,-0.3,scramble
203,4801,2021101702,33.0,34.0,0.0,pass
204,4883,2021101702,24.0,38.0,0.0,pass
205,5036,2021101702,24.0,45.0,0.0,pass
206,5133,2021101702,42.0,44.0,0.0,pass
207,5223,2021101702,33.0,39.0,0.0,pass
208,96,2021101703,34.0,39.0,-0.5,scramble
209,143,2021101703,20.0,37.0,0.0,pass
210,218,2021101703,27.0,37.0,0.0,pass
211,240,2021101703,36.0,40.0,-0.4,sack
212,393,2021101703,27.0,43.0,0.0,pass
213,422,2021101703,26.0,39.0,-1.3,hurry
214,451,2021101703,34.0,38.0,0.0,pass
215,608,2021101703,37.0,39.0,-0.2,sack
216,841,2021101703,23.0,39.0,-1.6,scramble
217,966,2021101703,52.0,44.0,0.8,hurry
218,1090,2021101703,18.0,35.0,0.0,pass
219,1394,2021101703,21.0,39.0,0.0,pass
220,1437,2021101703,51.0,39.0,1.2,scramble
221,1612,2021101703,30.0,40.0,-1.0,hurry
222,1634,2021101703,34.0,40.0,0.0,pass
223,1872,2021101703,29.0,38.0,0.0,pass
224,1896,2021101703,28.0,38.0,0.0,pass
225,1978,2021101703,34.0,38.0,-0.4,scramble
226,2060,2021101703,50.0,40.0,1.0,sack
227,2243,2021101703,27.0,39.0,-1.2,scramble
228,2398,2021101703,22.0,39.0,0.0,pass
229,2485,2021101703,23.0,39.0,0.0,pass
230,2940,2021101703,25.0,42.0,0.0,pass
231,2962,2021101703,30.0,32.0,-0.2,sack
232,3059,2021101703,27.0,38.0,-1.1,scramble
233,3189,2021101703,31.0,40.0,-0.9,hurry
234,3218,2021101703,22.0,39.0,0.0,pass
235,3265,2021101703,34.0,39.0,0.0,pass
236,3403,2021101703,33.0,39.0,-0.6,hurry
237,3494,2021101703,49.0,44.0,0.5,scramble
238,3580,2021101703,37.0,38.0,0.0,pass
239,3602,2021101703,50.0,34.0,1.6,scramble
240,3692,2021101703,32.0,39.0,-0.7,scramble
241,3773,2021101703,36.0,40.0,-0.4,scramble
242,3809,2021101703,55.0,42.0,1.3,scramble
243,162,2021101704,34.0,44.0,-1.0,hurry
244,252,2021101704,26.0,38.0,0.0,pass
245,340,2021101704,33.0,39.0,-0.6,scramble
246,366,2021101704,24.0,44.0,0.0,pass
247,478,2021101704,29.0,33.0,-0.4,hurry
248,566,2021101704,41.0,44.0,-0.3,scramble
249,680,2021101704,29.0,38.0,0.0,pass
250,704,2021101704,33.0,44.0,0.0,pass
251,776,2021101704,27.0,41.0,0.0,pass
252,903,2021101704,31.0,34.0,0.0,pass
253,1138,2021101704,21.0,31.0,0.0,pass
254,1188,2021101704,21.0,39.0,0.0,pass
255,1210,2021101704,46.0,40.0,0.6,scramble
256,1290,2021101704,30.0,38.0,-0.8,sack
257,1345,2021101704,14.0,31.0,0.0,pass
258,1369,2021101704,21.0,39.0,0.0,pass
259,1545,2021101704,25.0,30.0,-0.5,hurry
260,1613,2021101704,25.0,38.0,0.0,pass
261,1726,2021101704,27.0,39.0,0.0,pass
262,1786,2021101704,37.0,44.0,-0.7,scramble
263,1843,2021101704,26.0,38.0,-1.2,hurry
264,1867,2021101704,46.0,40.0,0.6,pass
265,1889,2021101704,31.0,36.0,0.0,pass
266,1913,2021101704,30.0,38.0,0.0,pass
267,1935,2021101704,29.0,41.0,0.0,pass
268,1957,2021101704,27.0,35.0,-0.8,hurry
269,1986,2021101704,34.0,37.0,-0.3,scramble
270,2029,2021101704,49.0,37.0,1.2,scramble
271,2191,2021101704,37.0,44.0,0.0,pass
272,2327,2021101704,23.0,39.0,0.0,pass
273,2351,2021101704,20.0,39.0,0.0,pass
274,2440,2021101704,24.0,36.0,0.0,pass
275,2653,2021101704,21.0,33.0,0.0,pass
276,2739,2021101704,35.0,46.0,0.0,pass
277,2787,2021101704,27.0,37.0,0.0,pass
278,2809,2021101704,34.0,39.0,0.0,pass
279,2903,2021101704,28.0,38.0,-1.0,hurry
280,3012,2021101704,43.0,34.0,0.9,scramble
281,3031,2021101704,23.0,39.0,0.0,pass
282,3111,2021101704,30.0,42.0,0.0,pass
283,3145,2021101704,21.0,38.0,0.0,pass
284,3190,2021101704,25.0,38.0,0.0,pass
285,3235,2021101704,30.0,39.0,0.0,pass
286,3259,2021101704,25.0,37.0,0.0,pass
287,3281,2021101704,33.0,40.0,0.0,pass
288,3305,2021101704,22.0,40.0,0.0,pass
289,3350,2021101704,26.0,40.0,0.0,pass
290,3391,2021101704,42.0,46.0,-0.4,scramble
291,3507,2021101704,27.0,38.0,0.0,pass
292,3582,2021101704,23.0,39.0,0.0,pass
293,3673,2021101704,35.0,39.0,-0.4,hurry
294,3697,2021101704,26.0,39.0,-1.3,hurry
295,3743,2021101704,30.0,40.0,-1.0,hurry
296,3767,2021101704,34.0,40.0,0.0,pass
297,3791,2021101704,28.0,39.0,0.0,pass
298,3813,2021101704,32.0,40.0,0.0,pass
299,3837,2021101704,30.0,39.0,0.0,pass
300,3861,2021101704,26.0,39.0,0.0,pass
301,3928,2021101704,36.0,40.0,0.0,pass
302,3950,2021101704,22.0,32.0,0.0,pass
303,111,2021101705,19.0,39.0,-2.0,hurry
304,182,2021101705,22.0,38.0,0.0,pass
305,225,2021101705,21.0,37.0,0.0,pass
306,349,2021101705,27.0,37.0,0.0,pass
307,378,2021101705,20.0,39.0,0.0,pass
308,449,2021101705,41.0,38.0,0.3,scramble
309,561,2021101705,17.0,40.0,0.0,pass
310,585,2021101705,33.0,37.0,-0.4,sack
311,644,2021101705,30.0,38.0,0.0,pass
312,1034,2021101705,27.0,43.0,-1.6,scramble
313,1250,2021101705,21.0,38.0,0.0,pass
314,1401,2021101705,24.0,38.0,0.0,pass
315,1511,2021101705,29.0,38.0,0.0,pass
316,1674,2021101705,32.0,43.0,0.0,pass
317,1757,2021101705,21.0,38.0,0.0,pass
318,1820,2021101705,27.0,36.0,-0.9,hurry
319,1849,2021101705,28.0,38.0,-1.0,hurry
320,1911,2021101705,30.0,36.0,-0.6,scramble
321,2013,2021101705,24.0,37.0,0.0,pass
322,2035,2021101705,38.0,34.0,0.4,sack
323,2173,2021101705,44.0,39.0,0.5,scramble
324,2194,2021101705,40.0,39.0,0.1,scramble
325,2396,2021101705,39.0,38.0,0.1,scramble
326,2465,2021101705,19.0,39.0,0.0,pass
327,2760,2021101705,27.0,34.0,0.0,pass
328,2813,2021101705,24.0,38.0,0.0,pass
329,2925,2021101705,33.0,38.0,-0.5,hurry
330,3026,2021101705,26.0,34.0,0.0,pass
331,3077,2021101705,21.0,36.0,0.0,pass
332,3198,2021101705,25.0,36.0,0.0,pass
333,3533,2021101705,26.0,39.0,0.0,pass
334,3655,2021101705,24.0,38.0,0.0,pass
335,152,2021101706,19.0,34.0,0.0,pass
336,404,2021101706,20.0,39.0,0.0,pass
337,512,2021101706,33.0,33.0,0.0,pass
338,562,2021101706,36.0,39.0,0.0,pass
339,629,2021101706,58.0,39.0,1.9,sack
340,712,2021101706,27.0,34.0,0.0,pass
341,760,2021101706,33.0,37.0,0.0,pass
342,782,2021101706,28.0,38.0,-1.0,scramble
343,886,2021101706,58.0,44.0,1.4,pass
344,958,2021101706,29.0,39.0,0.0,pass
345,982,2021101706,42.0,38.0,0.4,sack
346,1094,2021101706,18.0,39.0,0.0,pass
347,1331,2021101706,30.0,39.0,0.0,pass
348,1523,2021101706,21.0,39.0,0.0,pass
349,1652,2021101706,21.0,39.0,0.0,pass
350,1695,2021101706,23.0,39.0,0.0,pass
351,1800,2021101706,38.0,39.0,-0.1,scramble
352,1861,2021101706,25.0,34.0,0.0,pass
353,1908,2021101706,21.0,43.0,0.0,pass
354,1932,2021101706,14.0,39.0,0.0,pass
355,2082,2021101706,18.0,38.0,0.0,pass
356,2104,2021101706,17.0,39.0,0.0,pass
357,2145,2021101706,25.0,36.0,-1.1,hurry
358,2293,2021101706,20.0,39.0,0.0,pass
359,2346,2021101706,33.0,36.0,0.0,pass
360,2370,2021101706,25.0,38.0,0.0,pass
361,2436,2021101706,32.0,38.0,0.0,pass
362,2472,2021101706,30.0,40.0,0.0,pass
363,2513,2021101706,35.0,44.0,0.0,pass
364,2743,2021101706,18.0,34.0,0.0,pass
365,2930,2021101706,27.0,39.0,-1.2,hurry
366,2975,2021101706,20.0,36.0,0.0,pass
367,3020,2021101706,35.0,36.0,-0.1,scramble
368,3063,2021101706,21.0,37.0,-1.6,hurry
369,3139,2021101706,19.0,46.0,0.0,pass
370,3371,2021101706,29.0,47.0,0.0,pass
371,3412,2021101706,36.0,38.0,-0.2,scramble
372,3480,2021101706,21.0,39.0,0.0,pass
373,3502,2021101706,36.0,40.0,-0.4,hurry
374,3573,2021101706,31.0,34.0,0.0,pass
375,3606,2021101706,24.0,39.0,0.0,pass
376,3672,2021101706,19.0,39.0,0.0,pass
377,3696,2021101706,20.0,39.0,0.0,pass
378,3744,2021101706,37.0,42.0,-0.5,hurry
379,3766,2021101706,28.0,39.0,0.0,pass
380,4114,2021101706,27.0,38.0,0.0,pass
381,4138,2021101706,19.0,38.0,0.0,pass
382,4162,2021101706,28.0,38.0,0.0,pass
383,4186,2021101706,28.0,38.0,0.0,pass
384,4227,2021101706,22.0,38.0,0.0,pass
385,4251,2021101706,20.0,37.0,0.0,pass
386,4275,2021101706,33.0,38.0,0.0,pass
387,4297,2021101706,30.0,36.0,-0.6,hurry
388,4321,2021101706,41.0,38.0,0.3,scramble
389,4343,2021101706,31.0,39.0,-0.8,hurry
390,105,2021101707,24.0,34.0,0.0,pass
391,166,2021101707,15.0,42.0,0.0,pass
392,242,2021101707,23.0,34.0,0.0,pass
393,266,2021101707,30.0,38.0,-0.8,scramble
394,306,2021101707,32.0,46.0,0.0,pass
395,330,2021101707,24.0,34.0,0.0,pass
396,470,2021101707,21.0,38.0,0.0,pass
397,563,2021101707,26.0,34.0,0.0,pass
398,637,2021101707,25.0,39.0,0.0,pass
399,661,2021101707,27.0,35.0,0.0,pass
400,759,2021101707,30.0,36.0,-0.6,hurry
401,809,2021101707,30.0,38.0,-0.8,hurry
402,833,2021101707,22.0,38.0,0.0,pass
403,943,2021101707,18.0,32.0,0.0,pass
404,972,2021101707,30.0,34.0,-0.4,hurry
405,1063,2021101707,39.0,39.0,0.0,hurry
406,1173,2021101707,20.0,36.0,0.0,pass
407,1277,2021101707,28.0,44.0,0.0,pass
408,1320,2021101707,20.0,38.0,0.0,pass
409,1405,2021101707,29.0,36.0,0.0,pass
410,1495,2021101707,35.0,39.0,-0.4,hurry
411,1824,2021101707,19.0,40.0,0.0,pass
412,2066,2021101707,24.0,36.0,0.0,pass
413,2152,2021101707,25.0,40.0,0.0,pass
414,2209,2021101707,42.0,38.0,0.4,scramble
415,2362,2021101707,17.0,34.0,0.0,pass
416,2386,2021101707,21.0,38.0,0.0,pass
417,2447,2021101707,52.0,39.0,1.3,sack
418,2466,2021101707,26.0,40.0,0.0,pass
419,2799,2021101707,36.0,38.0,0.0,pass
420,2882,2021101707,23.0,39.0,0.0,pass
421,2938,2021101707,24.0,39.0,0.0,pass
422,3078,2021101707,24.0,45.0,0.0,pass
423,3107,2021101707,41.0,38.0,0.3,pass
424,3244,2021101707,21.0,44.0,0.0,pass
425,3268,2021101707,34.0,38.0,-0.4,scramble
426,3335,2021101707,25.0,38.0,-1.3,scramble
427,3363,2021101707,42.0,37.0,0.5,scramble
428,3531,2021101707,28.0,38.0,0.0,pass
429,3608,2021101707,37.0,36.0,0.1,scramble
430,3698,2021101707,33.0,39.0,-0.6,scramble
431,3748,2021101707,28.0,38.0,-1.0,hurry
432,3770,2021101707,32.0,39.0,-0.7,scramble
433,3877,2021101707,28.0,37.0,0.0,pass
434,3960,2021101707,43.0,34.0,0.9,scramble
435,4039,2021101707,35.0,39.0,0.0,pass
436,4080,2021101707,24.0,38.0,0.0,pass
437,4147,2021101707,52.0,40.0,1.2,scramble
438,4171,2021101707,25.0,37.0,0.0,pass
439,56,2021101708,19.0,37.0,0.0,pass
440,102,2021101708,22.0,34.0,0.0,pass
441,137,2021101708,41.0,38.0,0.3,hurry
442,262,2021101708,29.0,39.0,-1.0,hurry
443,307,2021101708,30.0,37.0,-0.7,scramble
444,384,2021101708,36.0,40.0,0.0,pass
445,522,2021101708,51.0,39.0,1.2,scramble
446,631,2021101708,33.0,40.0,0.0,pass
447,666,2021101708,27.0,37.0,0.0,pass
448,715,2021101708,44.0,38.0,0.6,scramble
449,869,2021101708,17.0,37.0,0.0,pass
450,965,2021101708,29.0,44.0,-1.5,hurry
451,1178,2021101708,24.0,40.0,0.0,pass
452,1221,2021101708,23.0,39.0,-1.6,hurry
453,1327,2021101708,58.0,38.0,2.0,scramble
454,1500,2021101708,19.0,39.0,0.0,pass
455,1650,2021101708,34.0,38.0,-0.4,scramble
456,1835,2021101708,23.0,42.0,0.0,pass
457,1865,2021101708,18.0,39.0,0.0,pass
458,1964,2021101708,16.0,35.0,0.0,pass
459,1988,2021101708,26.0,34.0,-0.8,scramble
460,2196,2021101708,29.0,38.0,-0.9,scramble
461,2319,2021101708,30.0,36.0,0.0,pass
462,2341,2021101708,28.0,44.0,0.0,pass
463,2365,2021101708,35.0,39.0,0.0,pass
464,2413,2021101708,29.0,42.0,-1.3,scramble
465,2543,2021101708,31.0,43.0,0.0,pass
466,2615,2021101708,34.0,35.0,-0.1,sack
467,2655,2021101708,54.0,37.0,1.7,sack
468,2759,2021101708,25.0,39.0,0.0,pass
469,2844,2021101708,35.0,40.0,0.0,pass
470,2939,2021101708,35.0,39.0,-0.4,sack
471,3027,2021101708,22.0,37.0,0.0,pass
472,3049,2021101708,32.0,37.0,0.0,pass
473,3094,2021101708,18.0,39.0,0.0,pass
474,3160,2021101708,34.0,39.0,0.0,pass
475,3238,2021101708,24.0,39.0,0.0,pass
476,3284,2021101708,42.0,39.0,0.3,hurry
477,3570,2021101708,26.0,38.0,0.0,pass
478,3592,2021101708,17.0,28.0,0.0,pass
479,3756,2021101708,29.0,40.0,0.0,pass
480,3838,2021101708,21.0,34.0,0.0,pass
481,4059,2021101708,18.0,39.0,0.0,pass
482,4083,2021101708,29.0,38.0,-0.9,hurry
483,4122,2021101708,19.0,34.0,-1.5,hurry
484,126,2021101709,40.0,39.0,0.1,pass
485,374,2021101709,34.0,35.0,-0.1,hurry
486,485,2021101709,30.0,33.0,-0.3,scramble
487,703,2021101709,34.0,39.0,-0.5,hurry
488,835,2021101709,24.0,39.0,0.0,pass
489,859,2021101709,31.0,39.0,0.0,pass
490,885,2021101709,31.0,39.0,0.0,pass
491,998,2021101709,34.0,38.0,0.0,pass
492,1020,2021101709,32.0,38.0,-0.6,scramble
493,1113,2021101709,31.0,38.0,0.0,pass
494,1356,2021101709,21.0,38.0,0.0,pass
495,1444,2021101709,44.0,39.0,0.5,sack
496,1544,2021101709,18.0,43.0,0.0,pass
497,1590,2021101709,37.0,43.0,-0.6,hurry
498,1631,2021101709,29.0,38.0,0.0,pass
499,1655,2021101709,20.0,38.0,0.0,pass
500,1733,2021101709,28.0,39.0,0.0,pass
501,1791,2021101709,36.0,38.0,-0.2,hurry
502,1826,2021101709,37.0,43.0,-0.6,scramble
503,1886,2021101709,30.0,38.0,-0.8,hurry
504,1924,2021101709,30.0,37.0,-0.7,scramble
505,1953,2021101709,30.0,34.0,0.0,pass
506,1975,2021101709,34.0,34.0,0.0,pass
507,2078,2021101709,32.0,38.0,-0.6,sack
508,2185,2021101709,31.0,39.0,0.0,pass
509,2263,2021101709,44.0,39.0,0.5,pass
510,2349,2021101709,18.0,34.0,0.0,pass
511,2454,2021101709,32.0,39.0,0.0,pass
512,2502,2021101709,27.0,42.0,0.0,pass
513,2600,2021101709,29.0,39.0,0.0,pass
514,2715,2021101709,35.0,33.0,0.2,hurry
515,2756,2021101709,39.0,38.0,0.1,pass
516,2823,2021101709,21.0,38.0,0.0,pass
517,2872,2021101709,39.0,38.0,0.1,scramble
518,2942,2021101709,38.0,38.0,0.0,pass
519,2964,2021101709,29.0,30.0,0.0,pass
520,3091,2021101709,19.0,38.0,0.0,pass
521,3134,2021101709,24.0,38.0,-1.4,hurry
522,3179,2021101709,20.0,38.0,0.0,pass
523,3203,2021101709,29.0,38.0,0.0,pass
524,3248,2021101709,30.0,38.0,-0.8,hurry
525,3283,2021101709,30.0,40.0,0.0,pass
526,3329,2021101709,32.0,39.0,0.0,pass
527,3411,2021101709,37.0,41.0,0.0,pass
528,3433,2021101709,23.0,39.0,0.0,pass
529,3562,2021101709,25.0,38.0,0.0,pass
530,3689,2021101709,29.0,38.0,0.0,pass
531,3739,2021101709,29.0,39.0,0.0,pass
532,3930,2021101709,20.0,38.0,0.0,pass
533,4001,2021101709,27.0,38.0,0.0,pass
534,4063,2021101709,22.0,37.0,0.0,pass
535,4087,2021101709,22.0,37.0,0.0,pass
536,4111,2021101709,26.0,37.0,-1.1,hurry
537,4168,2021101709,23.0,38.0,0.0,pass
538,4197,2021101709,58.0,36.0,2.2,sack
539,4233,2021101709,34.0,40.0,-0.6,hurry
540,94,2021101710,20.0,34.0,0.0,pass
541,179,2021101710,32.0,38.0,-0.6,scramble
542,444,2021101710,37.0,39.0,-0.2,scramble
543,497,2021101710,31.0,39.0,0.0,pass
544,583,2021101710,24.0,39.0,-1.5,hurry
545,775,2021101710,18.0,44.0,0.0,pass
546,825,2021101710,29.0,40.0,0.0,pass
547,882,2021101710,34.0,30.0,0.4,hurry
548,926,2021101710,36.0,47.0,-1.1,scramble
549,1081,2021101710,30.0,39.0,-0.9,hurry
550,1120,2021101710,27.0,34.0,0.0,pass
551,1202,2021101710,33.0,37.0,-0.4,hurry
552,1479,2021101710,27.0,39.0,-1.2,hurry
553,1501,2021101710,29.0,39.0,0.0,pass
554,1645,2021101710,24.0,36.0,0.0,pass
555,1717,2021101710,25.0,39.0,0.0,pass
556,1746,2021101710,25.0,33.0,-0.8,hurry
557,2137,2021101710,26.0,36.0,-1.0,sack
558,2211,2021101710,33.0,39.0,0.0,pass
559,2235,2021101710,31.0,38.0,0.0,pass
560,2331,2021101710,27.0,38.0,0.0,pass
561,2449,2021101710,32.0,37.0,-0.5,scramble
562,2499,2021101710,57.0,45.0,1.2,scramble
563,2782,2021101710,20.0,39.0,0.0,pass
564,2806,2021101710,20.0,34.0,0.0,pass
565,2890,2021101710,33.0,45.0,0.0,pass
566,2919,2021101710,36.0,39.0,0.0,pass
567,3006,2021101710,51.0,39.0,1.2,pass
568,3052,2021101710,28.0,31.0,-0.3,hurry
569,3074,2021101710,30.0,33.0,0.0,pass
570,3167,2021101710,19.0,39.0,0.0,pass
571,3319,2021101710,37.0,39.0,0.0,pass
572,3695,2021101710,29.0,37.0,-0.8,scramble
573,3807,2021101710,16.0,35.0,0.0,pass
574,3874,2021101710,30.0,36.0,0.0,pass
575,3935,2021101710,22.0,34.0,0.0,pass
576,3957,2021101710,37.0,39.0,-0.2,scramble
577,3998,2021101710,31.0,39.0,0.0,pass
578,4022,2021101710,28.0,39.0,0.0,pass
579,4046,2021101710,30.0,38.0,0.0,pass
580,4070,2021101710,21.0,36.0,0.0,pass
581,4092,2021101710,35.0,34.0,0.1,hurry
582,4136,2021101710,36.0,39.0,0.0,pass
583,4271,2021101710,21.0,34.0,0.0,pass
584,4293,2021101710,30.0,33.0,0.0,pass
585,4363,2021101710,21.0,31.0,0.0,pass
586,4429,2021101710,40.0,39.0,0.1,scramble
587,4494,2021101710,22.0,34.0,0.0,pass
588,231,2021101711,31.0,37.0,0.0,pass
589,280,2021101711,19.0,38.0,0.0,pass
590,471,2021101711,28.0,36.0,-0.8,hurry
591,493,2021101711,33.0,38.0,0.0,pass
592,517,2021101711,66.0,37.0,2.9,hurry
593,594,2021101711,29.0,37.0,0.0,pass
594,660,2021101711,36.0,48.0,-1.2,scramble
595,747,2021101711,28.0,42.0,0.0,pass
596,792,2021101711,23.0,35.0,0.0,pass
597,816,2021101711,23.0,33.0,0.0,pass
598,921,2021101711,21.0,39.0,0.0,pass
599,945,2021101711,25.0,34.0,0.0,pass
600,1032,2021101711,31.0,38.0,0.0,pass
601,1103,2021101711,18.0,39.0,0.0,pass
602,1127,2021101711,22.0,38.0,0.0,pass
603,1294,2021101711,24.0,33.0,0.0,pass
604,1473,2021101711,23.0,38.0,0.0,pass
605,1574,2021101711,28.0,44.0,0.0,pass
606,1846,2021101711,21.0,36.0,0.0,pass
607,1868,2021101711,47.0,38.0,0.9,scramble
608,1894,2021101711,37.0,38.0,-0.1,sack
609,1949,2021101711,23.0,41.0,0.0,pass
610,2000,2021101711,30.0,39.0,-0.9,hurry
611,2555,2021101711,20.0,47.0,0.0,pass
612,2579,2021101711,24.0,37.0,0.0,pass
613,2879,2021101711,27.0,39.0,0.0,pass
614,3424,2021101711,23.0,39.0,0.0,pass
615,3472,2021101711,43.0,44.0,-0.1,hurry
616,3653,2021101711,19.0,36.0,-1.7,hurry
617,3814,2021101711,31.0,44.0,0.0,pass
618,3836,2021101711,40.0,40.0,0.0,pass
619,3917,2021101711,28.0,38.0,0.0,pass
620,3967,2021101711,26.0,38.0,0.0,pass
621,4008,2021101711,30.0,37.0,-0.7,hurry
622,4032,2021101711,25.0,37.0,0.0,pass
623,4056,2021101711,24.0,38.0,0.0,pass
624,4131,2021101711,22.0,33.0,0.0,pass
625,4327,2021101711,31.0,38.0,0.0,pass
626,4372,2021101711,25.0,39.0,0.0,pass
627,4396,2021101711,34.0,38.0,-0.4,sack
628,4461,2021101711,16.0,39.0,0.0,pass
629,4485,2021101711,36.0,45.0,-0.9,hurry
630,183,2021101800,29.0,38.0,0.0,pass
631,275,2021101800,25.0,38.0,0.0,pass
632,351,2021101800,39.0,42.0,-0.3,scramble
633,462,2021101800,14.0,36.0,-2.2,scramble
634,511,2021101800,62.0,36.0,2.6,scramble
635,691,2021101800,21.0,38.0,0.0,pass
636,742,2021101800,47.0,37.0,1.0,sack
637,873,2021101800,21.0,34.0,0.0,pass
638,897,2021101800,29.0,38.0,0.0,pass
639,1011,2021101800,27.0,38.0,0.0,pass
640,1194,2021101800,30.0,39.0,0.0,pass
641,1338,2021101800,43.0,36.0,0.7,sack
642,1368,2021101800,21.0,38.0,0.0,pass
643,1397,2021101800,26.0,37.0,0.0,pass
644,1421,2021101800,38.0,39.0,0.0,pass
645,1449,2021101800,21.0,31.0,-1.0,hurry
646,1692,2021101800,35.0,36.0,0.0,pass
647,1902,2021101800,35.0,42.0,-0.7,scramble
648,1948,2021101800,36.0,38.0,-0.2,hurry
649,2034,2021101800,34.0,39.0,-0.5,scramble
650,2117,2021101800,34.0,39.0,-0.5,scramble
651,2269,2021101800,21.0,36.0,-1.5,hurry
652,2663,2021101800,29.0,37.0,0.0,pass
653,2687,2021101800,23.0,32.0,0.0,pass
654,2732,2021101800,26.0,38.0,0.0,pass
655,3082,2021101800,25.0,34.0,-0.9,scramble
656,3207,2021101800,27.0,40.0,0.0,pass
657,3337,2021101800,19.0,40.0,0.0,pass
658,3361,2021101800,28.0,39.0,0.0,pass
659,3470,2021101800,22.0,36.0,0.0,pass
660,3550,2021101800,35.0,40.0,0.0,pass
661,3612,2021101800,29.0,39.0,-1.0,scramble
662,3681,2021101800,32.0,37.0,-0.5,hurry
663,3705,2021101800,30.0,39.0,0.0,pass
664,3825,2021101800,32.0,38.0,0.0,pass
665,3849,2021101800,29.0,38.0,0.0,pass
666,3890,2021101800,19.0,36.0,0.0,pass
667,3914,2021101800,31.0,37.0,-0.6,scramble
668,267,2021102100,25.0,39.0,0.0,pass
669,401,2021102100,19.0,41.0,0.0,pass
670,435,2021102100,18.0,38.0,0.0,pass
671,631,2021102100,19.0,40.0,0.0,pass
672,655,2021102100,45.0,39.0,0.6,scramble
673,802,2021102100,23.0,38.0,0.0,pass
674,890,2021102100,35.0,39.0,0.0,pass
675,1048,2021102100,18.0,39.0,0.0,pass
676,1070,2021102100,36.0,39.0,0.0,pass
677,1205,2021102100,30.0,39.0,0.0,pass
678,1439,2021102100,25.0,39.0,0.0,pass
679,1514,2021102100,47.0,37.0,1.0,sack
680,1587,2021102100,22.0,34.0,-1.2,hurry
681,1673,2021102100,44.0,38.0,0.6,scramble
682,1695,2021102100,60.0,34.0,2.6,hurry
683,1753,2021102100,39.0,38.0,0.1,hurry
684,1794,2021102100,26.0,39.0,0.0,pass
685,1820,2021102100,57.0,39.0,1.8,pass
686,1871,2021102100,36.0,36.0,0.0,pass
687,2011,2021102100,23.0,38.0,-1.5,hurry
688,2106,2021102100,31.0,39.0,-0.8,scramble
689,2175,2021102100,18.0,40.0,0.0,pass
690,2199,2021102100,29.0,38.0,0.0,pass
691,2248,2021102100,23.0,36.0,0.0,pass
692,2357,2021102100,20.0,39.0,0.0,pass
693,2590,2021102100,29.0,34.0,-0.5,hurry
694,2612,2021102100,43.0,39.0,0.4,scramble
695,2733,2021102100,21.0,39.0,0.0,pass
696,2755,2021102100,18.0,39.0,0.0,pass
697,2798,2021102100,35.0,38.0,-0.3,sack
698,2990,2021102100,28.0,40.0,0.0,pass
699,3125,2021102100,20.0,39.0,0.0,pass
700,3182,2021102100,27.0,38.0,0.0,pass
701,3370,2021102100,19.0,34.0,-1.5,hurry
702,3394,2021102100,31.0,39.0,0.0,pass
703,3416,2021102100,25.0,39.0,0.0,pass
704,3438,2021102100,26.0,39.0,0.0,pass
705,3539,2021102100,25.0,39.0,0.0,pass
706,3561,2021102100,49.0,39.0,1.0,scramble
707,78,2021102400,23.0,36.0,-1.3,hurry
708,123,2021102400,24.0,38.0,0.0,pass
709,145,2021102400,41.0,38.0,0.3,scramble
710,169,2021102400,24.0,39.0,0.0,pass
711,200,2021102400,24.0,33.0,-0.9,hurry
712,239,2021102400,31.0,39.0,0.0,pass
713,299,2021102400,22.0,44.0,0.0,pass
714,321,2021102400,37.0,44.0,-0.7,scramble
715,385,2021102400,54.0,44.0,1.0,sack
716,471,2021102400,30.0,36.0,-0.6,hurry
717,493,2021102400,27.0,33.0,0.0,pass
718,540,2021102400,48.0,39.0,0.9,scramble
719,564,2021102400,42.0,41.0,0.1,hurry
720,663,2021102400,37.0,34.0,0.3,pass
721,731,2021102400,26.0,39.0,0.0,pass
722,755,2021102400,28.0,34.0,-0.6,scramble
723,851,2021102400,30.0,40.0,-1.0,hurry
724,875,2021102400,33.0,39.0,0.0,pass
725,924,2021102400,25.0,33.0,0.0,pass
726,973,2021102400,27.0,33.0,-0.6,scramble
727,1191,2021102400,19.0,33.0,-1.4,scramble
728,1267,2021102400,35.0,46.0,-1.1,scramble
729,1305,2021102400,19.0,35.0,0.0,pass
730,1442,2021102400,56.0,40.0,1.6,scramble
731,1463,2021102400,43.0,39.0,0.4,scramble
732,1684,2021102400,25.0,38.0,0.0,pass
733,1708,2021102400,25.0,37.0,0.0,pass
734,1732,2021102400,22.0,38.0,0.0,pass
735,1756,2021102400,22.0,34.0,0.0,pass
736,1780,2021102400,26.0,36.0,0.0,pass
737,1825,2021102400,27.0,36.0,0.0,pass
738,1849,2021102400,22.0,37.0,0.0,pass
739,1918,2021102400,20.0,40.0,0.0,pass
740,2079,2021102400,37.0,39.0,0.0,pass
741,2179,2021102400,22.0,39.0,0.0,pass
742,2210,2021102400,22.0,45.0,0.0,pass
743,2388,2021102400,19.0,34.0,-1.5,hurry
744,2422,2021102400,42.0,34.0,0.8,scramble
745,2477,2021102400,23.0,38.0,0.0,pass
746,2522,2021102400,21.0,35.0,0.0,pass
747,2599,2021102400,32.0,40.0,0.0,pass
748,2641,2021102400,14.0,33.0,0.0,pass
749,2714,2021102400,24.0,38.0,0.0,pass
750,2760,2021102400,33.0,36.0,0.0,pass
751,2810,2021102400,25.0,39.0,0.0,pass
752,2832,2021102400,30.0,36.0,0.0,pass
753,2872,2021102400,29.0,44.0,0.0,pass
754,2979,2021102400,30.0,39.0,0.0,pass
755,3001,2021102400,23.0,31.0,-0.8,hurry
756,3115,2021102400,42.0,36.0,0.6,scramble
757,3152,2021102400,42.0,40.0,0.2,pass
758,3176,2021102400,30.0,38.0,-0.8,hurry
759,3198,2021102400,22.0,32.0,0.0,pass
760,3220,2021102400,24.0,39.0,-1.5,hurry
761,3368,2021102400,36.0,38.0,-0.2,hurry
762,3392,2021102400,48.0,39.0,0.9,scramble
763,3414,2021102400,26.0,39.0,0.0,pass
764,3442,2021102400,41.0,37.0,0.4,scramble
765,3526,2021102400,41.0,47.0,-0.6,scramble
766,3649,2021102400,23.0,38.0,0.0,pass
767,3683,2021102400,30.0,39.0,-0.9,hurry
768,3705,2021102400,33.0,39.0,-0.6,scramble
769,3843,2021102400,18.0,38.0,0.0,pass
770,3873,2021102400,25.0,38.0,-1.3,hurry
771,3897,2021102400,29.0,38.0,0.0,pass
772,3925,2021102400,32.0,38.0,-0.6,scramble
773,3949,2021102400,40.0,39.0,0.1,hurry
774,3971,2021102400,71.0,39.0,3.2,hurry
775,3993,2021102400,39.0,40.0,0.0,pass
776,4015,2021102400,36.0,40.0,-0.4,hurry
777,124,2021102401,29.0,39.0,0.0,pass
778,148,2021102401,22.0,34.0,0.0,pass
779,170,2021102401,18.0,37.0,0.0,pass
780,234,2021102401,43.0,37.0,0.6,scramble
781,300,2021102401,34.0,38.0,0.0,pass
782,324,2021102401,29.0,37.0,-0.8,scramble
783,425,2021102401,23.0,40.0,0.0,pass
784,661,2021102401,43.0,35.0,0.8,sack
785,766,2021102401,34.0,39.0,0.0,pass
786,914,2021102401,31.0,38.0,0.0,pass
787,1007,2021102401,32.0,34.0,0.0,pass
788,1100,2021102401,29.0,37.0,-0.8,scramble
789,1119,2021102401,27.0,40.0,-1.3,scramble
790,1140,2021102401,60.0,40.0,2.0,scramble
791,1268,2021102401,32.0,38.0,0.0,pass
792,1290,2021102401,32.0,39.0,-0.7,hurry
793,1407,2021102401,44.0,39.0,0.5,scramble
794,1513,2021102401,32.0,43.0,0.0,pass
795,1537,2021102401,18.0,39.0,0.0,pass
796,1578,2021102401,17.0,37.0,0.0,pass
797,1836,2021102401,26.0,34.0,0.0,pass
798,1955,2021102401,22.0,40.0,0.0,pass
799,2074,2021102401,23.0,38.0,0.0,pass
800,2145,2021102401,28.0,34.0,-0.6,scramble
801,2403,2021102401,35.0,39.0,0.0,pass
802,2635,2021102401,38.0,38.0,0.0,scramble
803,2657,2021102401,22.0,30.0,0.0,pass
804,2744,2021102401,20.0,39.0,0.0,pass
805,2837,2021102401,25.0,39.0,0.0,pass
806,2861,2021102401,25.0,33.0,0.0,pass
807,2954,2021102401,20.0,41.0,0.0,pass
808,2989,2021102401,50.0,40.0,1.0,scramble
809,3052,2021102401,35.0,38.0,-0.3,hurry
810,3074,2021102401,30.0,39.0,-0.9,hurry
811,3098,2021102401,26.0,38.0,0.0,pass
812,3122,2021102401,28.0,41.0,0.0,pass
813,3178,2021102401,27.0,36.0,-0.9,hurry
814,3221,2021102401,30.0,44.0,-1.4,hurry
815,3245,2021102401,31.0,38.0,-0.7,hurry
816,3298,2021102401,32.0,38.0,0.0,pass
817,3320,2021102401,47.0,39.0,0.8,hurry
818,3344,2021102401,30.0,39.0,0.0,pass
819,3432,2021102401,22.0,39.0,0.0,pass
820,3456,2021102401,28.0,39.0,0.0,pass
821,3485,2021102401,38.0,39.0,-0.1,sack
822,3504,2021102401,23.0,40.0,0.0,pass
823,3528,2021102401,54.0,40.0,1.4,sack
824,3743,2021102401,33.0,36.0,0.0,pass
825,3788,2021102401,29.0,42.0,0.0,pass
826,3810,2021102401,34.0,39.0,0.0,pass
827,3839,2021102401,30.0,38.0,0.0,pass
828,3861,2021102401,29.0,38.0,0.0,pass
829,3885,2021102401,50.0,38.0,1.2,sack
830,3904,2021102401,37.0,40.0,-0.3,scramble
831,3951,2021102401,30.0,42.0,0.0,pass
832,100,2021102402,29.0,39.0,-1.0,scramble
833,181,2021102402,25.0,42.0,-1.7,hurry
834,263,2021102402,19.0,38.0,0.0,pass
835,382,2021102402,19.0,38.0,0.0,pass
836,459,2021102402,23.0,35.0,-1.2,hurry
837,483,2021102402,46.0,46.0,0.0,scramble
838,581,2021102402,27.0,37.0,-1.0,hurry
839,741,2021102402,23.0,45.0,0.0,pass
840,786,2021102402,37.0,42.0,-0.5,scramble
841,852,2021102402,15.0,38.0,0.0,pass
842,910,2021102402,22.0,44.0,0.0,pass
843,1145,2021102402,21.0,35.0,0.0,pass
844,1260,2021102402,25.0,43.0,-1.8,hurry
845,1284,2021102402,22.0,31.0,0.0,pass
846,1511,2021102402,21.0,40.0,0.0,pass
847,1601,2021102402,24.0,39.0,0.0,pass
848,1646,2021102402,26.0,42.0,0.0,pass
849,1713,2021102402,21.0,36.0,0.0,pass
850,1754,2021102402,29.0,36.0,0.0,pass
851,1795,2021102402,24.0,44.0,0.0,pass
852,1824,2021102402,32.0,46.0,0.0,pass
853,1949,2021102402,27.0,34.0,0.0,pass
854,2121,2021102402,35.0,36.0,-0.1,sack
855,2140,2021102402,22.0,38.0,0.0,pass
856,2237,2021102402,26.0,35.0,-0.9,hurry
857,2259,2021102402,27.0,39.0,-1.2,hurry
858,2308,2021102402,30.0,39.0,0.0,pass
859,2425,2021102402,22.0,39.0,-1.7,hurry
860,2491,2021102402,39.0,39.0,0.0,scramble
861,2538,2021102402,19.0,39.0,0.0,pass
862,2616,2021102402,41.0,39.0,0.2,scramble
863,2638,2021102402,34.0,46.0,0.0,pass
864,2683,2021102402,30.0,39.0,-0.9,scramble
865,2888,2021102402,37.0,35.0,0.2,scramble
866,3008,2021102402,31.0,39.0,0.0,pass
867,3034,2021102402,30.0,38.0,0.0,pass
868,3081,2021102402,27.0,33.0,0.0,pass
869,3244,2021102402,27.0,39.0,-1.2,hurry
870,3490,2021102402,22.0,33.0,0.0,pass
871,3512,2021102402,27.0,37.0,0.0,pass
872,3578,2021102402,28.0,37.0,-0.9,hurry
873,3842,2021102402,34.0,39.0,-0.5,hurry
874,3870,2021102402,28.0,39.0,0.0,pass
875,4035,2021102402,24.0,37.0,-1.3,hurry
876,286,2021102403,37.0,38.0,-0.1,sack
877,537,2021102403,29.0,42.0,-1.3,scramble
878,559,2021102403,42.0,39.0,0.3,scramble
879,681,2021102403,21.0,39.0,0.0,pass
880,797,2021102403,26.0,39.0,-1.3,hurry
881,970,2021102403,26.0,45.0,0.0,pass
882,994,2021102403,32.0,35.0,0.0,pass
883,1066,2021102403,23.0,37.0,0.0,pass
884,1090,2021102403,50.0,44.0,0.6,scramble
885,1112,2021102403,33.0,39.0,-0.6,scramble
886,1347,2021102403,20.0,39.0,0.0,pass
887,1369,2021102403,33.0,34.0,0.0,pass
888,1391,2021102403,28.0,36.0,0.0,pass
889,1481,2021102403,28.0,33.0,0.0,pass
890,1524,2021102403,33.0,44.0,-1.1,scramble
891,1573,2021102403,19.0,39.0,0.0,pass
892,1741,2021102403,36.0,39.0,0.0,pass
893,1791,2021102403,19.0,39.0,0.0,pass
894,1898,2021102403,20.0,38.0,0.0,pass
895,1920,2021102403,25.0,39.0,0.0,pass
896,2141,2021102403,20.0,39.0,0.0,pass
897,2170,2021102403,27.0,39.0,0.0,pass
898,2203,2021102403,23.0,43.0,0.0,pass
899,2271,2021102403,27.0,38.0,0.0,pass
900,2293,2021102403,38.0,39.0,-0.1,scramble
901,2429,2021102403,30.0,34.0,0.0,pass
902,2453,2021102403,31.0,39.0,0.0,pass
903,2506,2021102403,27.0,34.0,0.0,pass
904,2650,2021102403,20.0,34.0,-1.4,hurry
905,2839,2021102403,28.0,38.0,0.0,pass
906,2863,2021102403,24.0,38.0,0.0,pass
907,2885,2021102403,26.0,42.0,0.0,pass
908,2909,2021102403,29.0,38.0,0.0,pass
909,2959,2021102403,26.0,34.0,0.0,pass
910,3041,2021102403,35.0,44.0,-0.9,scramble
911,3062,2021102403,35.0,37.0,-0.2,scramble
912,3185,2021102403,36.0,37.0,0.0,pass
913,3207,2021102403,30.0,40.0,0.0,pass
914,3418,2021102403,22.0,39.0,0.0,pass
915,3452,2021102403,25.0,37.0,0.0,pass
916,3474,2021102403,35.0,40.0,0.0,pass
917,3496,2021102403,28.0,34.0,-0.6,scramble
918,3525,2021102403,21.0,36.0,0.0,pass
919,3559,2021102403,18.0,42.0,0.0,pass
920,3588,2021102403,24.0,39.0,0.0,pass
921,3610,2021102403,26.0,42.0,0.0,pass
922,3653,2021102403,33.0,45.0,0.0,pass
923,3682,2021102403,27.0,39.0,0.0,pass
924,3777,2021102403,24.0,39.0,0.0,pass
925,3822,2021102403,32.0,39.0,0.0,pass
926,3846,2021102403,21.0,35.0,0.0,pass
927,3868,2021102403,30.0,39.0,0.0,pass
928,4039,2021102403,24.0,40.0,-1.6,hurry
929,4198,2021102403,28.0,39.0,-1.1,hurry
930,4222,2021102403,33.0,38.0,0.0,pass
931,108,2021102404,53.0,35.0,1.8,scramble
932,242,2021102404,31.0,39.0,0.0,pass
933,266,2021102404,18.0,41.0,0.0,pass
934,328,2021102404,28.0,33.0,-0.5,scramble
935,417,2021102404,23.0,36.0,0.0,pass
936,573,2021102404,19.0,44.0,0.0,pass
937,597,2021102404,32.0,40.0,-0.8,hurry
938,964,2021102404,29.0,39.0,-1.0,hurry
939,986,2021102404,25.0,44.0,-1.9,hurry
940,1065,2021102404,19.0,34.0,0.0,pass
941,1148,2021102404,25.0,38.0,0.0,pass
942,1170,2021102404,22.0,37.0,0.0,pass
943,1278,2021102404,34.0,46.0,-1.2,hurry
944,1471,2021102404,30.0,39.0,-0.9,sack
945,1799,2021102404,20.0,40.0,0.0,pass
946,1823,2021102404,25.0,38.0,-1.3,hurry
947,2071,2021102404,25.0,37.0,0.0,pass
948,2095,2021102404,34.0,38.0,-0.4,scramble
949,2263,2021102404,45.0,39.0,0.6,sack
950,2321,2021102404,19.0,35.0,-1.6,hurry
951,2470,2021102404,20.0,39.0,0.0,pass
952,2557,2021102404,18.0,34.0,0.0,pass
953,2602,2021102404,26.0,46.0,0.0,pass
954,2705,2021102404,20.0,39.0,0.0,pass
955,2729,2021102404,33.0,39.0,-0.6,scramble
956,3031,2021102404,53.0,40.0,1.3,scramble
957,3173,2021102404,32.0,44.0,0.0,pass
958,3212,2021102404,29.0,41.0,0.0,pass
959,3309,2021102404,30.0,39.0,-0.9,scramble
960,3366,2021102404,49.0,41.0,0.8,scramble
961,3572,2021102404,26.0,33.0,0.0,pass
962,3617,2021102404,25.0,38.0,0.0,pass
963,3694,2021102404,28.0,39.0,0.0,pass
964,3716,2021102404,29.0,39.0,0.0,pass
965,3738,2021102404,51.0,39.0,1.2,sack
966,3757,2021102404,33.0,40.0,-0.7,scramble
967,3856,2021102404,18.0,38.0,0.0,pass
968,3880,2021102404,34.0,38.0,0.0,pass
969,3902,2021102404,32.0,39.0,-0.7,hurry
970,3924,2021102404,34.0,40.0,0.0,pass
971,3946,2021102404,40.0,39.0,0.1,scramble
972,3967,2021102404,27.0,38.0,0.0,pass
973,4018,2021102404,28.0,39.0,0.0,pass
974,4040,2021102404,26.0,39.0,0.0,pass
975,4074,2021102404,32.0,40.0,-0.8,scramble
976,192,2021102405,19.0,34.0,-1.5,hurry
977,360,2021102405,16.0,36.0,0.0,pass
978,457,2021102405,28.0,36.0,0.0,pass
979,481,2021102405,30.0,39.0,-0.9,scramble
980,507,2021102405,36.0,38.0,-0.2,scramble
981,826,2021102405,20.0,33.0,0.0,pass
982,903,2021102405,29.0,39.0,0.0,pass
983,965,2021102405,57.0,39.0,1.8,pass
984,1050,2021102405,17.0,45.0,0.0,pass
985,1074,2021102405,34.0,38.0,-0.4,scramble
986,1234,2021102405,22.0,38.0,0.0,pass
987,1277,2021102405,22.0,39.0,0.0,pass
988,1380,2021102405,17.0,34.0,0.0,pass
989,1404,2021102405,35.0,41.0,0.0,pass
990,1503,2021102405,26.0,38.0,0.0,pass
991,1625,2021102405,24.0,38.0,0.0,pass
992,1665,2021102405,27.0,39.0,-1.2,scramble
993,1721,2021102405,32.0,34.0,0.0,pass
994,1743,2021102405,29.0,38.0,-0.9,scramble
995,1850,2021102405,20.0,38.0,0.0,pass
996,1940,2021102405,27.0,37.0,-1.0,sack
997,2070,2021102405,20.0,38.0,0.0,pass
998,2124,2021102405,27.0,38.0,-1.1,scramble
999,2191,2021102405,43.0,42.0,0.1,scramble
1000,2391,2021102405,14.0,33.0,0.0,pass
1001,2507,2021102405,24.0,38.0,0.0,pass
1002,2697,2021102405,31.0,36.0,0.0,pass
1003,2732,2021102405,16.0,37.0,0.0,pass
1004,2754,2021102405,27.0,38.0,0.0,pass
1005,2778,2021102405,27.0,38.0,0.0,pass
1006,2881,2021102405,39.0,39.0,0.0,scramble
1007,2903,2021102405,42.0,39.0,0.3,sack
1008,3068,2021102405,17.0,37.0,0.0,pass
1009,3090,2021102405,19.0,36.0,0.0,pass
1010,3114,2021102405,19.0,37.0,0.0,pass
1011,3138,2021102405,23.0,38.0,0.0,pass
1012,3162,2021102405,28.0,37.0,-0.9,hurry
1013,3186,2021102405,23.0,37.0,0.0,pass
1014,3210,2021102405,37.0,38.0,0.0,pass
1015,3232,2021102405,33.0,38.0,-0.5,scramble
1016,3258,2021102405,30.0,38.0,0.0,pass
1017,3280,2021102405,43.0,38.0,0.5,scramble
1018,3312,2021102405,25.0,38.0,-1.3,scramble
1019,3334,2021102405,25.0,38.0,-1.3,hurry
1020,3358,2021102405,34.0,38.0,0.0,pass
1021,3380,2021102405,33.0,39.0,0.0,pass
1022,3421,2021102405,28.0,38.0,0.0,pass
1023,3443,2021102405,43.0,39.0,0.4,sack
1024,3462,2021102405,30.0,40.0,-1.0,hurry
1025,3484,2021102405,50.0,40.0,1.0,sack
1026,3666,2021102405,24.0,36.0,0.0,pass
1027,3690,2021102405,18.0,37.0,0.0,pass
1028,3714,2021102405,23.0,36.0,0.0,pass
1029,3736,2021102405,17.0,38.0,0.0,pass
1030,3760,2021102405,26.0,38.0,0.0,pass
1031,3782,2021102405,30.0,37.0,0.0,pass
1032,3806,2021102405,23.0,41.0,0.0,pass
1033,3845,2021102405,23.0,38.0,0.0,pass
1034,4027,2021102405,18.0,30.0,0.0,pass
1035,4051,2021102405,40.0,36.0,0.4,scramble
1036,4077,2021102405,21.0,38.0,0.0,pass
1037,4101,2021102405,32.0,38.0,-0.6,scramble
1038,4123,2021102405,32.0,38.0,0.0,pass
1039,4177,2021102405,32.0,38.0,0.0,pass
1040,4201,2021102405,29.0,38.0,0.0,pass
1041,96,2021102406,25.0,36.0,0.0,pass
1042,120,2021102406,19.0,39.0,0.0,pass
1043,325,2021102406,28.0,35.0,0.0,pass
1044,460,2021102406,33.0,37.0,-0.4,hurry
1045,523,2021102406,21.0,36.0,0.0,pass
1046,652,2021102406,19.0,39.0,0.0,pass
1047,705,2021102406,21.0,38.0,0.0,pass
1048,740,2021102406,25.0,38.0,-1.3,hurry
1049,896,2021102406,35.0,40.0,-0.5,scramble
1050,990,2021102406,24.0,39.0,0.0,pass
1051,1116,2021102406,21.0,32.0,-1.1,hurry
1052,1239,2021102406,32.0,34.0,-0.2,hurry
1053,1355,2021102406,25.0,36.0,0.0,pass
1054,1377,2021102406,20.0,38.0,0.0,pass
1055,1609,2021102406,29.0,33.0,0.0,pass
1056,1693,2021102406,28.0,33.0,-0.5,hurry
1057,1783,2021102406,31.0,39.0,0.0,pass
1058,1870,2021102406,32.0,46.0,0.0,pass
1059,1973,2021102406,28.0,42.0,0.0,pass
1060,1997,2021102406,26.0,36.0,-1.0,hurry
1061,2021,2021102406,23.0,33.0,0.0,pass
1062,2062,2021102406,33.0,36.0,0.0,pass
1063,2143,2021102406,24.0,37.0,0.0,pass
1064,2165,2021102406,31.0,40.0,0.0,pass
1065,2304,2021102406,36.0,39.0,-0.3,hurry
1066,2326,2021102406,38.0,39.0,0.0,pass
1067,2359,2021102406,27.0,42.0,0.0,pass
1068,2412,2021102406,40.0,38.0,0.2,pass
1069,2434,2021102406,42.0,33.0,0.9,sack
1070,2494,2021102406,19.0,31.0,-1.2,hurry
1071,2609,2021102406,33.0,36.0,-0.3,scramble
1072,2724,2021102406,23.0,38.0,0.0,pass
1073,2814,2021102406,29.0,36.0,0.0,pass
1074,2931,2021102406,19.0,36.0,0.0,pass
1075,3025,2021102406,36.0,38.0,0.0,pass
1076,3075,2021102406,47.0,39.0,0.8,hurry
1077,3108,2021102406,30.0,37.0,0.0,pass
1078,3187,2021102406,21.0,39.0,0.0,pass
1079,3246,2021102406,28.0,39.0,0.0,pass
1080,3268,2021102406,41.0,35.0,0.6,pass
1081,3316,2021102406,21.0,36.0,0.0,pass
1082,3383,2021102406,31.0,39.0,-0.8,scramble
1083,3507,2021102406,30.0,34.0,0.0,pass
1084,3553,2021102406,32.0,34.0,-0.2,hurry
1085,3577,2021102406,23.0,34.0,0.0,pass
1086,3659,2021102406,16.0,37.0,0.0,pass
1087,3688,2021102406,29.0,40.0,0.0,pass
1088,3792,2021102406,22.0,34.0,0.0,pass
1089,3858,2021102406,24.0,34.0,0.0,pass
1090,3939,2021102406,21.0,38.0,0.0,pass
1091,4060,2021102406,20.0,30.0,-1.0,hurry
1092,4180,2021102406,32.0,36.0,0.0,pass
1093,4226,2021102406,32.0,39.0,0.0,pass
1094,4255,2021102406,24.0,39.0,0.0,pass
1095,61,2021102407,22.0,38.0,0.0,pass
1096,223,2021102407,26.0,38.0,0.0,pass
1097,319,2021102407,19.0,44.0,0.0,pass
1098,427,2021102407,31.0,34.0,-0.3,hurry
1099,462,2021102407,43.0,40.0,0.3,pass
1100,510,2021102407,26.0,39.0,-1.3,hurry
1101,545,2021102407,22.0,40.0,0.0,pass
1102,569,2021102407,33.0,37.0,-0.4,scramble
1103,617,2021102407,23.0,37.0,0.0,pass
1104,728,2021102407,27.0,39.0,-1.2,hurry
1105,801,2021102407,20.0,44.0,0.0,pass
1106,979,2021102407,27.0,41.0,0.0,pass
1107,1266,2021102407,45.0,39.0,0.6,sack
1108,1304,2021102407,27.0,39.0,0.0,pass
1109,1349,2021102407,23.0,34.0,0.0,pass
1110,1448,2021102407,20.0,40.0,0.0,pass
1111,1489,2021102407,23.0,42.0,0.0,pass
1112,1644,2021102407,23.0,38.0,0.0,pass
1113,1706,2021102407,24.0,39.0,0.0,pass
1114,1730,2021102407,26.0,38.0,-1.2,hurry
1115,1771,2021102407,21.0,38.0,0.0,pass
1116,1991,2021102407,33.0,38.0,-0.5,hurry
1117,2227,2021102407,44.0,34.0,1.0,pass
1118,2288,2021102407,20.0,39.0,0.0,pass
1119,2339,2021102407,29.0,38.0,-0.9,hurry
1120,2406,2021102407,27.0,39.0,-1.2,hurry
1121,2570,2021102407,26.0,39.0,0.0,pass
1122,2592,2021102407,30.0,39.0,-0.9,scramble
1123,2614,2021102407,34.0,39.0,-0.5,hurry
1124,3161,2021102407,18.0,34.0,0.0,pass
1125,3301,2021102407,25.0,39.0,0.0,pass
1126,3325,2021102407,30.0,39.0,0.0,pass
1127,3354,2021102407,26.0,38.0,0.0,pass
1128,3376,2021102407,28.0,38.0,0.0,pass
1129,3467,2021102407,24.0,39.0,-1.5,hurry
1130,3491,2021102407,32.0,38.0,-0.6,scramble
1131,3513,2021102407,62.0,38.0,2.4,scramble
1132,3535,2021102407,37.0,43.0,-0.6,scramble
1133,3558,2021102407,24.0,36.0,0.0,pass
1134,3719,2021102407,31.0,38.0,0.0,pass
1135,3784,2021102407,39.0,38.0,0.1,scramble
1136,3830,2021102407,55.0,38.0,1.7,pass
1137,3852,2021102407,23.0,39.0,0.0,pass
1138,3881,2021102407,30.0,38.0,-0.8,scramble
1139,3900,2021102407,42.0,39.0,0.3,pass
1140,131,2021102408,33.0,39.0,-0.6,sack
1141,199,2021102408,32.0,46.0,-1.4,scramble
1142,273,2021102408,42.0,42.0,0.0,sack
1143,484,2021102408,25.0,44.0,0.0,pass
1144,761,2021102408,23.0,37.0,0.0,pass
1145,785,2021102408,19.0,34.0,0.0,pass
1146,900,2021102408,29.0,43.0,0.0,pass
1147,922,2021102408,30.0,39.0,0.0,pass
1148,1083,2021102408,26.0,38.0,-1.2,scramble
1149,1105,2021102408,32.0,37.0,-0.5,scramble
1150,1566,2021102408,41.0,42.0,0.0,pass
1151,1749,2021102408,34.0,39.0,0.0,pass
1152,1872,2021102408,35.0,38.0,-0.3,scramble
1153,2009,2021102408,34.0,39.0,-0.5,sack
1154,2039,2021102408,33.0,36.0,-0.3,scramble
1155,2075,2021102408,27.0,39.0,0.0,pass
1156,2317,2021102408,30.0,37.0,0.0,pass
1157,2576,2021102408,19.0,38.0,0.0,pass
1158,2728,2021102408,39.0,40.0,-0.1,scramble
1159,2781,2021102408,22.0,39.0,0.0,pass
1160,2831,2021102408,24.0,38.0,0.0,pass
1161,2855,2021102408,30.0,34.0,-0.4,scramble
1162,2929,2021102408,39.0,37.0,0.2,sack
1163,2969,2021102408,37.0,40.0,0.0,pass
1164,3037,2021102408,19.0,37.0,0.0,pass
1165,3101,2021102408,19.0,42.0,0.0,pass
1166,3313,2021102408,18.0,39.0,0.0,pass
1167,3585,2021102408,18.0,37.0,0.0,pass
1168,3614,2021102408,26.0,39.0,0.0,pass
1169,3626,2021102408,18.0,40.0,0.0,pass
1170,3668,2021102408,30.0,31.0,-0.1,sack
1171,3720,2021102408,18.0,32.0,0.0,pass
1172,3744,2021102408,27.0,36.0,0.0,pass
1173,3766,2021102408,23.0,32.0,-0.9,hurry
1174,104,2021102409,47.0,42.0,0.5,pass
1175,288,2021102409,39.0,39.0,0.0,scramble
1176,330,2021102409,24.0,40.0,0.0,pass
1177,403,2021102409,14.0,38.0,0.0,pass
1178,474,2021102409,28.0,34.0,0.0,pass
1179,498,2021102409,18.0,44.0,0.0,pass
1180,520,2021102409,52.0,39.0,1.3,scramble
1181,551,2021102409,28.0,38.0,0.0,pass
1182,628,2021102409,24.0,38.0,0.0,pass
1183,671,2021102409,26.0,39.0,0.0,pass
1184,814,2021102409,32.0,39.0,-0.7,sack
1185,843,2021102409,25.0,38.0,0.0,pass
1186,909,2021102409,21.0,38.0,0.0,pass
1187,931,2021102409,18.0,39.0,0.0,pass
1188,1035,2021102409,24.0,38.0,0.0,pass
1189,1064,2021102409,20.0,41.0,0.0,pass
1190,1154,2021102409,24.0,39.0,0.0,pass
1191,1176,2021102409,24.0,37.0,0.0,pass
1192,1198,2021102409,35.0,35.0,0.0,hurry
1193,1314,2021102409,31.0,39.0,-0.8,sack
1194,1387,2021102409,21.0,39.0,0.0,pass
1195,1409,2021102409,21.0,34.0,0.0,pass
1196,1451,2021102409,27.0,34.0,0.0,pass
1197,1559,2021102409,20.0,33.0,0.0,pass
1198,1659,2021102409,21.0,38.0,0.0,pass
1199,1882,2021102409,22.0,35.0,0.0,pass
1200,1932,2021102409,20.0,40.0,0.0,pass
1201,1954,2021102409,52.0,40.0,1.2,scramble
1202,2016,2021102409,44.0,38.0,0.6,pass
1203,2038,2021102409,30.0,39.0,0.0,pass
1204,2261,2021102409,24.0,34.0,0.0,pass
1205,2283,2021102409,32.0,39.0,0.0,pass
1206,2305,2021102409,33.0,37.0,-0.4,hurry
1207,2423,2021102409,24.0,38.0,0.0,pass
1208,2515,2021102409,23.0,40.0,0.0,pass
1209,2627,2021102409,24.0,35.0,0.0,pass
1210,2741,2021102409,23.0,33.0,0.0,pass
1211,2771,2021102409,34.0,33.0,0.1,scramble
1212,2804,2021102409,25.0,40.0,0.0,pass
1213,2851,2021102409,22.0,39.0,0.0,pass
1214,3205,2021102409,26.0,38.0,0.0,pass
1215,3269,2021102409,25.0,38.0,0.0,pass
1216,3314,2021102409,23.0,33.0,0.0,pass
1217,3336,2021102409,24.0,38.0,0.0,pass
1218,3413,2021102409,26.0,36.0,-1.0,hurry
1219,3458,2021102409,24.0,39.0,0.0,pass
1220,3725,2021102409,33.0,39.0,0.0,pass
1221,3863,2021102409,24.0,38.0,-1.4,scramble
1222,3908,2021102409,26.0,38.0,0.0,pass
1223,3930,2021102409,36.0,39.0,-0.3,scramble
1224,3956,2021102409,33.0,34.0,0.0,pass
1225,3997,2021102409,27.0,36.0,-0.9,hurry
1226,397,2021102410,37.0,40.0,-0.3,scramble
1227,477,2021102410,23.0,39.0,0.0,pass
1228,503,2021102410,43.0,39.0,0.4,hurry
1229,754,2021102410,29.0,43.0,0.0,pass
1230,854,2021102410,33.0,36.0,-0.3,scramble
1231,969,2021102410,38.0,38.0,0.0,sack
1232,1038,2021102410,28.0,39.0,0.0,pass
1233,1345,2021102410,27.0,34.0,0.0,pass
1234,1437,2021102410,27.0,39.0,0.0,pass
1235,1635,2021102410,22.0,32.0,0.0,pass
1236,2126,2021102410,20.0,33.0,0.0,pass
1237,2150,2021102410,25.0,33.0,-0.8,hurry
1238,2461,2021102410,32.0,44.0,0.0,pass
1239,2532,2021102410,47.0,39.0,0.8,sack
1240,2596,2021102410,33.0,39.0,0.0,pass
1241,2633,2021102410,45.0,37.0,0.8,pass
1242,3226,2021102410,40.0,38.0,0.2,pass
1243,3434,2021102410,29.0,39.0,0.0,pass
1244,3520,2021102410,22.0,39.0,0.0,pass
1245,3548,2021102410,22.0,39.0,0.0,pass
1246,3621,2021102410,19.0,39.0,0.0,pass
1247,3781,2021102410,30.0,39.0,0.0,pass
1248,3805,2021102410,36.0,38.0,0.0,pass
1249,3833,2021102410,27.0,39.0,-1.2,hurry
1250,3882,2021102410,31.0,36.0,0.0,pass
1251,4063,2021102410,70.0,43.0,2.7,sack
1252,210,2021102500,24.0,39.0,0.0,pass
1253,253,2021102500,31.0,36.0,-0.5,hurry
1254,450,2021102500,21.0,40.0,0.0,pass
1255,598,2021102500,20.0,38.0,0.0,pass
1256,694,2021102500,23.0,39.0,0.0,pass
1257,933,2021102500,37.0,35.0,0.2,scramble
1258,1069,2021102500,18.0,36.0,0.0,pass
1259,1264,2021102500,19.0,37.0,0.0,pass
1260,1478,2021102500,28.0,38.0,-1.0,hurry
1261,1562,2021102500,26.0,39.0,0.0,pass
1262,1619,2021102500,26.0,42.0,0.0,pass
1263,1701,2021102500,33.0,36.0,-0.3,hurry
1264,1751,2021102500,39.0,40.0,-0.1,hurry
1265,1792,2021102500,23.0,36.0,0.0,pass
1266,1816,2021102500,31.0,38.0,-0.7,hurry
1267,1855,2021102500,28.0,38.0,0.0,pass
1268,1879,2021102500,28.0,36.0,-0.8,scramble
1269,1900,2021102500,27.0,38.0,0.0,pass
1270,1924,2021102500,30.0,38.0,0.0,pass
1271,1953,2021102500,29.0,38.0,0.0,pass
1272,2047,2021102500,54.0,38.0,1.6,scramble
1273,2214,2021102500,29.0,39.0,0.0,pass
1274,2243,2021102500,20.0,40.0,0.0,pass
1275,2348,2021102500,25.0,36.0,0.0,pass
1276,2455,2021102500,62.0,39.0,2.3,sack
1277,2603,2021102500,30.0,38.0,0.0,pass
1278,2835,2021102500,44.0,39.0,0.5,pass
1279,2934,2021102500,30.0,43.0,0.0,pass
1280,3030,2021102500,35.0,39.0,-0.4,scramble
1281,3099,2021102500,53.0,39.0,1.4,pass
1282,3139,2021102500,41.0,40.0,0.1,scramble
1283,3165,2021102500,37.0,31.0,0.6,hurry
1284,3260,2021102500,23.0,34.0,0.0,pass
1285,3395,2021102500,22.0,37.0,0.0,pass
1286,3424,2021102500,42.0,30.0,1.2,sack
1287,3506,2021102500,61.0,37.0,2.4,sack
1288,3624,2021102500,34.0,39.0,0.0,pass
1289,3660,2021102500,28.0,39.0,0.0,pass
1290,3684,2021102500,45.0,38.0,0.7,hurry
1291,3787,2021102500,29.0,39.0,-1.0,scramble
1292,3926,2021102500,38.0,36.0,0.2,sack
1293,3945,2021102500,41.0,38.0,0.3,scramble
1294,3998,2021102500,64.0,41.0,2.3,hurry
1295,189,2021102800,45.0,39.0,0.6,sack
1296,271,2021102800,30.0,39.0,-0.9,scramble
1297,334,2021102800,20.0,38.0,0.0,pass
1298,392,2021102800,28.0,38.0,0.0,pass
1299,495,2021102800,32.0,40.0,0.0,pass
1300,519,2021102800,27.0,40.0,-1.3,scramble
1301,784,2021102800,22.0,37.0,0.0,pass
1302,850,2021102800,20.0,39.0,0.0,pass
1303,917,2021102800,31.0,39.0,0.0,pass
1304,1155,2021102800,51.0,40.0,1.1,sack
1305,1261,2021102800,34.0,38.0,-0.4,hurry
1306,1511,2021102800,23.0,34.0,0.0,pass
1307,1595,2021102800,27.0,34.0,-0.7,hurry
1308,1673,2021102800,26.0,39.0,0.0,pass
1309,1735,2021102800,20.0,37.0,0.0,pass
1310,1860,2021102800,18.0,36.0,0.0,pass
1311,1903,2021102800,24.0,35.0,-1.1,scramble
1312,1942,2021102800,49.0,41.0,0.8,pass
1313,2171,2021102800,21.0,40.0,0.0,pass
1314,2269,2021102800,26.0,39.0,0.0,pass
1315,2319,2021102800,18.0,39.0,0.0,pass
1316,2367,2021102800,29.0,39.0,-1.0,hurry
1317,2389,2021102800,25.0,40.0,0.0,pass
1318,2413,2021102800,33.0,39.0,-0.6,scramble
1319,2435,2021102800,18.0,39.0,0.0,pass
1320,2506,2021102800,22.0,39.0,-1.7,hurry
1321,2641,2021102800,19.0,33.0,0.0,pass
1322,2755,2021102800,30.0,39.0,0.0,pass
1323,2897,2021102800,25.0,45.0,-2.0,hurry
1324,2953,2021102800,32.0,39.0,0.0,pass
1325,3074,2021102800,26.0,39.0,0.0,pass
1326,3096,2021102800,22.0,35.0,0.0,pass
1327,3125,2021102800,19.0,40.0,0.0,pass
1328,3202,2021102800,21.0,39.0,0.0,pass
1329,3298,2021102800,21.0,38.0,0.0,pass
1330,3346,2021102800,20.0,35.0,0.0,pass
1331,3670,2021102800,41.0,39.0,0.2,scramble
1332,3751,2021102800,25.0,39.0,0.0,pass
1333,3773,2021102800,40.0,39.0,0.1,pass
1334,3797,2021102800,38.0,36.0,0.2,pass
1335,3862,2021102800,16.0,38.0,0.0,pass
1336,3917,2021102800,37.0,35.0,0.2,hurry
1337,4039,2021102800,18.0,30.0,0.0,pass
1338,132,2021103100,27.0,40.0,0.0,pass
1339,230,2021103100,31.0,36.0,0.0,pass
1340,422,2021103100,32.0,40.0,-0.8,hurry
1341,467,2021103100,23.0,39.0,0.0,pass
1342,587,2021103100,22.0,39.0,0.0,pass
1343,637,2021103100,24.0,39.0,0.0,pass
1344,722,2021103100,34.0,40.0,-0.6,hurry
1345,744,2021103100,24.0,40.0,0.0,pass
1346,947,2021103100,25.0,39.0,0.0,pass
1347,1032,2021103100,30.0,38.0,0.0,pass
1348,1252,2021103100,43.0,46.0,-0.3,scramble
1349,1381,2021103100,32.0,35.0,-0.3,hurry
1350,1456,2021103100,24.0,32.0,0.0,pass
1351,1480,2021103100,10.0,40.0,0.0,pass
1352,1550,2021103100,32.0,38.0,0.0,pass
1353,1624,2021103100,36.0,37.0,-0.1,scramble
1354,1700,2021103100,29.0,38.0,0.0,pass
1355,1722,2021103100,23.0,34.0,0.0,pass
1356,1805,2021103100,29.0,34.0,-0.5,scramble
1357,1879,2021103100,33.0,38.0,0.0,pass
1358,1908,2021103100,34.0,37.0,0.0,pass
1359,2096,2021103100,28.0,38.0,0.0,pass
1360,2120,2021103100,34.0,33.0,0.1,scramble
1361,2374,2021103100,17.0,39.0,0.0,pass
1362,2496,2021103100,24.0,29.0,-0.5,hurry
1363,2602,2021103100,23.0,37.0,-1.4,hurry
1364,2685,2021103100,24.0,34.0,0.0,pass
1365,2770,2021103100,26.0,39.0,0.0,pass
1366,2959,2021103100,30.0,42.0,0.0,pass
1367,3021,2021103100,28.0,33.0,-0.5,hurry
1368,3043,2021103100,34.0,34.0,0.0,scramble
1369,3120,2021103100,15.0,34.0,-1.9,scramble
1370,3218,2021103100,25.0,38.0,0.0,pass
1371,3261,2021103100,41.0,33.0,0.8,sack
1372,3424,2021103100,28.0,42.0,0.0,pass
1373,3448,2021103100,22.0,38.0,0.0,pass
1374,3472,2021103100,30.0,36.0,-0.6,hurry
1375,3517,2021103100,33.0,38.0,0.0,pass
1376,3539,2021103100,26.0,39.0,-1.3,hurry
1377,3580,2021103100,24.0,36.0,0.0,pass
1378,3745,2021103100,26.0,38.0,0.0,pass
1379,3769,2021103100,46.0,38.0,0.8,scramble
1380,62,2021103101,21.0,39.0,0.0,pass
1381,112,2021103101,23.0,30.0,-0.7,scramble
1382,210,2021103101,24.0,39.0,0.0,pass
1383,255,2021103101,17.0,38.0,0.0,pass
1384,277,2021103101,26.0,34.0,-0.8,hurry
1385,405,2021103101,36.0,39.0,-0.3,hurry
1386,514,2021103101,22.0,39.0,-1.7,scramble
1387,737,2021103101,26.0,40.0,0.0,pass
1388,759,2021103101,25.0,40.0,0.0,pass
1389,868,2021103101,43.0,40.0,0.3,sack
1390,962,2021103101,19.0,38.0,0.0,pass
1391,1126,2021103101,29.0,39.0,0.0,pass
1392,1251,2021103101,32.0,38.0,0.0,pass
1393,1299,2021103101,26.0,39.0,-1.3,hurry
1394,1530,2021103101,34.0,39.0,-0.5,scramble
1395,1582,2021103101,27.0,34.0,0.0,pass
1396,1695,2021103101,22.0,38.0,0.0,pass
1397,1724,2021103101,18.0,32.0,-1.4,hurry
1398,1780,2021103101,34.0,31.0,0.3,hurry
1399,1804,2021103101,30.0,38.0,0.0,pass
1400,1834,2021103101,21.0,38.0,0.0,pass
1401,1929,2021103101,15.0,29.0,0.0,pass
1402,1970,2021103101,17.0,33.0,0.0,pass
1403,2155,2021103101,40.0,40.0,0.0,scramble
1404,2222,2021103101,23.0,39.0,0.0,pass
1405,2248,2021103101,36.0,37.0,-0.1,hurry
1406,2306,2021103101,19.0,32.0,0.0,pass
1407,2330,2021103101,46.0,39.0,0.7,hurry
1408,2352,2021103101,28.0,40.0,-1.2,hurry
1409,2527,2021103101,45.0,39.0,0.6,pass
1410,2551,2021103101,57.0,38.0,1.9,pass
1411,2616,2021103101,23.0,38.0,0.0,pass
1412,2780,2021103101,20.0,31.0,-1.1,hurry
1413,2937,2021103101,22.0,34.0,0.0,pass
1414,2979,2021103101,35.0,38.0,0.0,pass
1415,3067,2021103101,30.0,39.0,0.0,pass
1416,3155,2021103101,20.0,38.0,-1.8,scramble
1417,3234,2021103101,28.0,33.0,0.0,pass
1418,3372,2021103101,20.0,39.0,0.0,pass
1419,3439,2021103101,47.0,33.0,1.4,sack
1420,3496,2021103101,29.0,42.0,0.0,pass
1421,3520,2021103101,22.0,39.0,0.0,pass
1422,3544,2021103101,21.0,34.0,0.0,pass
1423,3566,2021103101,24.0,33.0,0.0,pass
1424,3588,2021103101,37.0,40.0,-0.3,scramble
1425,3700,2021103101,32.0,39.0,0.0,pass
1426,3760,2021103101,31.0,34.0,0.0,pass
1427,3808,2021103101,35.0,35.0,0.0,pass
1428,3830,2021103101,30.0,39.0,0.0,pass
1429,3891,2021103101,47.0,39.0,0.8,hurry
1430,4284,2021103101,41.0,38.0,0.3,hurry
1431,4313,2021103101,32.0,38.0,0.0,pass
1432,4335,2021103101,30.0,39.0,-0.9,scramble
1433,4372,2021103101,33.0,39.0,-0.6,sack
1434,4401,2021103101,30.0,40.0,-1.0,hurry
1435,84,2021103102,23.0,36.0,0.0,pass
1436,109,2021103102,21.0,32.0,-1.1,hurry
1437,241,2021103102,24.0,40.0,0.0,pass
1438,263,2021103102,33.0,46.0,-1.3,scramble
1439,295,2021103102,83.0,45.0,3.8,hurry
1440,398,2021103102,29.0,36.0,0.0,pass
1441,475,2021103102,22.0,39.0,0.0,pass
1442,555,2021103102,26.0,40.0,0.0,pass
1443,657,2021103102,30.0,44.0,0.0,pass
1444,702,2021103102,31.0,40.0,0.0,pass
1445,724,2021103102,28.0,40.0,-1.2,hurry
1446,804,2021103102,36.0,33.0,0.3,hurry
1447,870,2021103102,26.0,38.0,-1.2,hurry
1448,1038,2021103102,26.0,33.0,0.0,pass
1449,1176,2021103102,45.0,39.0,0.6,scramble
1450,1245,2021103102,20.0,39.0,0.0,pass
1451,1284,2021103102,25.0,40.0,0.0,pass
1452,1405,2021103102,26.0,33.0,0.0,pass
1453,1429,2021103102,32.0,38.0,-0.6,scramble
1454,1471,2021103102,22.0,41.0,0.0,pass
1455,1646,2021103102,38.0,39.0,-0.1,scramble
1456,1716,2021103102,29.0,38.0,0.0,pass
1457,1830,2021103102,32.0,39.0,-0.7,scramble
1458,1852,2021103102,19.0,39.0,-2.0,hurry
1459,1876,2021103102,17.0,39.0,0.0,pass
1460,1934,2021103102,34.0,39.0,0.0,pass
1461,1997,2021103102,31.0,39.0,0.0,pass
1462,2122,2021103102,35.0,39.0,-0.4,scramble
1463,2186,2021103102,23.0,34.0,-1.1,hurry
1464,2231,2021103102,22.0,39.0,0.0,pass
1465,2255,2021103102,24.0,33.0,-0.9,scramble
1466,2312,2021103102,21.0,39.0,0.0,pass
1467,2343,2021103102,18.0,35.0,0.0,pass
1468,2470,2021103102,30.0,42.0,-1.2,hurry
1469,2851,2021103102,33.0,39.0,-0.6,sack
1470,2890,2021103102,29.0,43.0,-1.4,hurry
1471,3005,2021103102,20.0,39.0,0.0,pass
1472,3029,2021103102,19.0,35.0,0.0,pass
1473,3110,2021103102,21.0,38.0,0.0,pass
1474,3172,2021103102,20.0,33.0,0.0,pass
1475,3256,2021103102,27.0,37.0,0.0,pass
1476,3323,2021103102,24.0,38.0,0.0,pass
1477,3480,2021103102,24.0,40.0,0.0,pass
1478,3651,2021103102,34.0,39.0,0.0,pass
1479,3962,2021103102,30.0,38.0,-0.8,scramble
1480,55,2021103103,22.0,36.0,0.0,pass
1481,148,2021103103,36.0,47.0,0.0,pass
1482,193,2021103103,24.0,39.0,0.0,pass
1483,217,2021103103,23.0,39.0,0.0,pass
1484,305,2021103103,50.0,39.0,1.1,sack
1485,394,2021103103,21.0,38.0,0.0,pass
1486,460,2021103103,25.0,38.0,0.0,pass
1487,503,2021103103,23.0,39.0,-1.6,hurry
1488,538,2021103103,25.0,44.0,-1.9,hurry
1489,712,2021103103,28.0,37.0,0.0,pass
1490,736,2021103103,20.0,32.0,0.0,pass
1491,765,2021103103,47.0,42.0,0.5,scramble
1492,899,2021103103,26.0,39.0,0.0,pass
1493,1010,2021103103,35.0,39.0,0.0,pass
1494,1080,2021103103,44.0,39.0,0.5,scramble
1495,1119,2021103103,25.0,40.0,0.0,pass
1496,1233,2021103103,30.0,39.0,0.0,pass
1497,1255,2021103103,26.0,39.0,0.0,pass
1498,1313,2021103103,21.0,34.0,-1.3,hurry
1499,1437,2021103103,32.0,34.0,-0.2,sack
1500,1641,2021103103,18.0,37.0,0.0,pass
1501,1665,2021103103,22.0,37.0,0.0,pass
1502,1774,2021103103,40.0,33.0,0.7,hurry
1503,1802,2021103103,35.0,37.0,-0.2,sack
1504,1955,2021103103,17.0,36.0,0.0,pass
1505,1984,2021103103,47.0,38.0,0.9,sack
1506,2179,2021103103,18.0,38.0,0.0,pass
1507,2201,2021103103,25.0,40.0,0.0,pass
1508,2329,2021103103,23.0,39.0,0.0,pass
1509,2403,2021103103,21.0,38.0,0.0,pass
1510,2580,2021103103,23.0,35.0,0.0,pass
1511,2630,2021103103,25.0,39.0,0.0,pass
1512,2652,2021103103,33.0,39.0,0.0,pass
1513,2742,2021103103,15.0,35.0,0.0,pass
1514,2868,2021103103,22.0,36.0,0.0,pass
1515,2921,2021103103,27.0,37.0,0.0,pass
1516,2955,2021103103,30.0,39.0,0.0,pass
1517,3270,2021103103,30.0,33.0,0.0,pass
1518,3339,2021103103,21.0,30.0,-0.9,scramble
1519,3400,2021103103,28.0,37.0,0.0,pass
1520,3594,2021103103,34.0,38.0,-0.4,scramble
1521,3719,2021103103,28.0,37.0,0.0,pass
1522,3847,2021103103,18.0,39.0,0.0,pass
1523,4014,2021103103,32.0,40.0,-0.8,hurry
1524,4055,2021103103,40.0,46.0,0.0,pass
1525,4249,2021103103,37.0,38.0,0.0,pass
1526,128,2021103104,24.0,39.0,0.0,pass
1527,169,2021103104,23.0,38.0,0.0,pass
1528,212,2021103104,31.0,36.0,-0.5,scramble
1529,268,2021103104,21.0,39.0,0.0,pass
1530,342,2021103104,36.0,39.0,-0.3,scramble
1531,787,2021103104,33.0,35.0,-0.2,scramble
1532,972,2021103104,45.0,43.0,0.2,scramble
1533,1049,2021103104,20.0,31.0,0.0,pass
1534,1073,2021103104,24.0,39.0,0.0,pass
1535,1236,2021103104,39.0,38.0,0.1,sack
1536,1322,2021103104,41.0,38.0,0.3,scramble
1537,1372,2021103104,19.0,39.0,0.0,pass
1538,1417,2021103104,42.0,38.0,0.4,scramble
1539,1558,2021103104,28.0,34.0,0.0,pass
1540,1620,2021103104,25.0,39.0,0.0,pass
1541,1661,2021103104,25.0,37.0,0.0,pass
1542,1690,2021103104,31.0,39.0,0.0,pass
1543,1725,2021103104,27.0,39.0,0.0,pass
1544,1765,2021103104,42.0,39.0,0.3,scramble
1545,1791,2021103104,19.0,34.0,-1.5,hurry
1546,1858,2021103104,19.0,36.0,0.0,pass
1547,1920,2021103104,35.0,39.0,-0.4,scramble
1548,2055,2021103104,32.0,34.0,-0.2,scramble
1549,2399,2021103104,31.0,39.0,-0.8,scramble
1550,2455,2021103104,48.0,40.0,0.8,scramble
1551,2509,2021103104,67.0,38.0,2.9,hurry
1552,2531,2021103104,35.0,36.0,0.0,pass
1553,2827,2021103104,28.0,39.0,0.0,pass
1554,2855,2021103104,30.0,38.0,-0.8,sack
1555,2903,2021103104,24.0,40.0,0.0,pass
1556,2927,2021103104,33.0,34.0,-0.1,scramble
1557,3157,2021103104,34.0,38.0,0.0,pass
1558,3181,2021103104,39.0,38.0,0.1,hurry
1559,3205,2021103104,21.0,38.0,0.0,pass
1560,3229,2021103104,35.0,38.0,-0.3,hurry
1561,3253,2021103104,27.0,39.0,0.0,pass
1562,3275,2021103104,27.0,39.0,-1.2,hurry
1563,3299,2021103104,22.0,43.0,0.0,pass
1564,3321,2021103104,18.0,40.0,0.0,pass
1565,3376,2021103104,22.0,39.0,0.0,pass
1566,3420,2021103104,29.0,37.0,0.0,pass
1567,3699,2021103104,46.0,38.0,0.8,scramble
1568,3737,2021103104,36.0,36.0,0.0,scramble
1569,76,2021103105,21.0,38.0,0.0,pass
1570,142,2021103105,25.0,31.0,0.0,pass
1571,188,2021103105,33.0,39.0,0.0,pass
1572,236,2021103105,26.0,33.0,0.0,pass
1573,626,2021103105,31.0,38.0,0.0,pass
1574,740,2021103105,37.0,39.0,-0.2,scramble
1575,762,2021103105,30.0,40.0,0.0,pass
1576,786,2021103105,17.0,39.0,0.0,pass
1577,930,2021103105,23.0,39.0,0.0,pass
1578,986,2021103105,25.0,39.0,0.0,pass
1579,1122,2021103105,29.0,38.0,0.0,pass
1580,1156,2021103105,26.0,39.0,0.0,pass
1581,1267,2021103105,30.0,39.0,-0.9,scramble
1582,1399,2021103105,33.0,35.0,0.0,pass
1583,1513,2021103105,16.0,38.0,-2.2,hurry
1584,1547,2021103105,45.0,37.0,0.8,sack
1585,1842,2021103105,41.0,38.0,0.3,scramble
1586,1864,2021103105,26.0,38.0,0.0,pass
1587,1905,2021103105,24.0,36.0,0.0,pass
1588,1976,2021103105,19.0,48.0,0.0,pass
1589,2206,2021103105,20.0,33.0,0.0,pass
1590,2240,2021103105,24.0,33.0,0.0,pass
1591,2309,2021103105,24.0,43.0,0.0,pass
1592,2333,2021103105,44.0,35.0,0.9,sack
1593,2483,2021103105,22.0,34.0,0.0,pass
1594,2539,2021103105,59.0,38.0,2.1,sack
1595,2596,2021103105,34.0,40.0,0.0,pass
1596,2693,2021103105,28.0,38.0,0.0,pass
1597,2743,2021103105,29.0,34.0,0.0,pass
1598,3102,2021103105,21.0,38.0,0.0,pass
1599,3126,2021103105,19.0,36.0,0.0,pass
1600,3214,2021103105,26.0,36.0,0.0,pass
1601,3288,2021103105,24.0,33.0,0.0,pass
1602,3393,2021103105,20.0,39.0,0.0,pass
1603,3467,2021103105,20.0,38.0,0.0,pass
1604,3512,2021103105,20.0,38.0,0.0,pass
1605,3536,2021103105,24.0,39.0,0.0,pass
1606,3617,2021103105,26.0,39.0,0.0,pass
1607,3686,2021103105,31.0,38.0,-0.7,hurry
1608,3972,2021103105,31.0,34.0,-0.3,scramble
1609,3996,2021103105,35.0,33.0,0.2,hurry
1610,4020,2021103105,24.0,38.0,0.0,pass
1611,4042,2021103105,30.0,34.0,0.0,pass
1612,4066,2021103105,38.0,38.0,0.0,pass
1613,4090,2021103105,36.0,38.0,-0.2,scramble
1614,4114,2021103105,34.0,38.0,0.0,pass
1615,86,2021103106,20.0,39.0,0.0,pass
1616,131,2021103106,27.0,39.0,0.0,pass
1617,153,2021103106,27.0,39.0,0.0,pass
1618,335,2021103106,35.0,35.0,0.0,pass
1619,357,2021103106,35.0,38.0,-0.3,hurry
1620,584,2021103106,28.0,40.0,0.0,pass
1621,673,2021103106,20.0,37.0,0.0,pass
1622,719,2021103106,32.0,45.0,0.0,pass
1623,808,2021103106,30.0,42.0,0.0,pass
1624,907,2021103106,23.0,34.0,0.0,pass
1625,1182,2021103106,32.0,40.0,-0.8,scramble
1626,1207,2021103106,22.0,44.0,0.0,pass
1627,1231,2021103106,37.0,39.0,-0.2,sack
1628,1394,2021103106,30.0,39.0,-0.9,hurry
1629,1460,2021103106,39.0,39.0,0.0,scramble
1630,1479,2021103106,24.0,33.0,0.0,pass
1631,1727,2021103106,40.0,38.0,0.2,scramble
1632,1749,2021103106,41.0,39.0,0.2,hurry
1633,1773,2021103106,36.0,36.0,0.0,hurry
1634,1806,2021103106,30.0,38.0,-0.8,hurry
1635,1847,2021103106,34.0,37.0,0.0,pass
1636,2110,2021103106,27.0,38.0,-1.1,hurry
1637,2199,2021103106,31.0,38.0,-0.7,hurry
1638,2268,2021103106,19.0,39.0,0.0,pass
1639,2290,2021103106,24.0,37.0,-1.3,hurry
1640,2369,2021103106,31.0,39.0,0.0,pass
1641,2393,2021103106,28.0,38.0,0.0,pass
1642,2540,2021103106,37.0,39.0,0.0,pass
1643,2622,2021103106,28.0,44.0,0.0,pass
1644,2665,2021103106,34.0,40.0,-0.6,scramble
1645,2799,2021103106,13.0,36.0,0.0,pass
1646,3091,2021103106,26.0,39.0,0.0,pass
1647,3163,2021103106,28.0,39.0,0.0,pass
1648,3203,2021103106,17.0,40.0,0.0,pass
1649,3283,2021103106,21.0,39.0,0.0,pass
1650,3305,2021103106,41.0,37.0,0.4,scramble
1651,3370,2021103106,21.0,39.0,0.0,pass
1652,3470,2021103106,27.0,36.0,0.0,pass
1653,3492,2021103106,50.0,40.0,1.0,sack
1654,3639,2021103106,19.0,40.0,0.0,pass
1655,3784,2021103106,34.0,39.0,-0.5,scramble
1656,3890,2021103106,39.0,37.0,0.2,sack
1657,4052,2021103106,29.0,38.0,0.0,pass
1658,4076,2021103106,31.0,37.0,0.0,pass
1659,4109,2021103106,37.0,38.0,-0.1,hurry
1660,4131,2021103106,21.0,38.0,0.0,pass
1661,4166,2021103106,66.0,44.0,2.2,scramble
1662,4207,2021103106,28.0,36.0,0.0,pass
1663,4229,2021103106,35.0,38.0,0.0,pass
1664,4334,2021103106,38.0,38.0,0.0,sack
1665,4478,2021103106,26.0,38.0,0.0,pass
1666,4561,2021103106,36.0,40.0,0.0,pass
1667,4625,2021103106,22.0,39.0,0.0,pass
1668,4750,2021103106,21.0,40.0,0.0,pass
1669,114,2021103107,26.0,39.0,-1.3,hurry
1670,162,2021103107,19.0,32.0,-1.3,hurry
1671,257,2021103107,20.0,37.0,0.0,pass
1672,399,2021103107,21.0,39.0,0.0,pass
1673,421,2021103107,22.0,39.0,0.0,pass
1674,445,2021103107,26.0,39.0,0.0,pass
1675,554,2021103107,23.0,39.0,-1.6,hurry
1676,595,2021103107,26.0,39.0,0.0,pass
1677,720,2021103107,27.0,38.0,0.0,pass
1678,742,2021103107,51.0,39.0,1.2,sack
1679,842,2021103107,25.0,39.0,0.0,pass
1680,1013,2021103107,17.0,36.0,0.0,pass
1681,1146,2021103107,19.0,34.0,0.0,pass
1682,1311,2021103107,18.0,34.0,-1.6,hurry
1683,1354,2021103107,32.0,39.0,0.0,pass
1684,1397,2021103107,24.0,38.0,0.0,pass
1685,1531,2021103107,30.0,39.0,0.0,pass
1686,1555,2021103107,26.0,34.0,0.0,pass
1687,1579,2021103107,21.0,41.0,0.0,pass
1688,1686,2021103107,16.0,37.0,0.0,pass
1689,1758,2021103107,31.0,44.0,0.0,pass
1690,1820,2021103107,23.0,38.0,0.0,pass
1691,2003,2021103107,21.0,38.0,0.0,pass
1692,2044,2021103107,19.0,38.0,0.0,pass
1693,2069,2021103107,19.0,39.0,0.0,pass
1694,2169,2021103107,20.0,34.0,-1.4,hurry
1695,2323,2021103107,21.0,39.0,0.0,pass
1696,2347,2021103107,20.0,38.0,0.0,pass
1697,2397,2021103107,21.0,39.0,0.0,pass
1698,2425,2021103107,29.0,34.0,0.0,pass
1699,2733,2021103107,20.0,39.0,0.0,pass
1700,2889,2021103107,21.0,39.0,0.0,pass
1701,2970,2021103107,25.0,39.0,0.0,pass
1702,3015,2021103107,35.0,39.0,0.0,pass
1703,3039,2021103107,31.0,39.0,0.0,pass
1704,3145,2021103107,43.0,39.0,0.4,scramble
1705,3220,2021103107,23.0,33.0,0.0,pass
1706,3242,2021103107,24.0,40.0,0.0,pass
1707,3354,2021103107,26.0,37.0,0.0,pass
1708,3378,2021103107,26.0,34.0,-0.8,hurry
1709,3423,2021103107,24.0,38.0,0.0,pass
1710,3508,2021103107,20.0,39.0,0.0,pass
1711,3532,2021103107,27.0,39.0,-1.2,hurry
1712,3554,2021103107,31.0,39.0,0.0,pass
1713,3578,2021103107,37.0,37.0,0.0,pass
1714,3611,2021103107,21.0,47.0,0.0,pass
1715,3635,2021103107,21.0,39.0,0.0,pass
1716,3659,2021103107,28.0,39.0,0.0,pass
1717,3735,2021103107,28.0,39.0,-1.1,hurry
1718,3793,2021103107,30.0,43.0,0.0,pass
1719,3869,2021103107,33.0,40.0,-0.7,hurry
1720,4007,2021103107,34.0,37.0,0.0,pass
1721,4029,2021103107,40.0,38.0,0.2,sack
1722,4133,2021103107,25.0,42.0,0.0,pass
1723,4200,2021103107,31.0,40.0,0.0,pass
1724,54,2021103108,30.0,43.0,0.0,pass
1725,171,2021103108,39.0,38.0,0.1,scramble
1726,290,2021103108,27.0,34.0,0.0,pass
1727,312,2021103108,26.0,39.0,0.0,pass
1728,341,2021103108,40.0,39.0,0.1,pass
1729,393,2021103108,28.0,34.0,0.0,pass
1730,415,2021103108,41.0,40.0,0.1,scramble
1731,619,2021103108,26.0,34.0,0.0,pass
1732,648,2021103108,33.0,40.0,0.0,pass
1733,689,2021103108,42.0,40.0,0.2,scramble
1734,790,2021103108,35.0,38.0,0.0,pass
1735,833,2021103108,36.0,34.0,0.2,sack
1736,979,2021103108,31.0,39.0,0.0,pass
1737,1124,2021103108,30.0,39.0,-0.9,scramble
1738,1180,2021103108,27.0,38.0,0.0,pass
1739,1273,2021103108,16.0,47.0,0.0,pass
1740,1332,2021103108,19.0,38.0,0.0,pass
1741,1356,2021103108,32.0,42.0,-1.0,scramble
1742,1403,2021103108,31.0,34.0,-0.3,hurry
1743,1425,2021103108,26.0,34.0,0.0,pass
1744,1632,2021103108,51.0,38.0,1.3,sack
1745,1748,2021103108,26.0,39.0,0.0,pass
1746,1770,2021103108,25.0,37.0,0.0,pass
1747,1810,2021103108,29.0,44.0,0.0,pass
1748,1882,2021103108,31.0,39.0,0.0,pass
1749,1932,2021103108,27.0,38.0,0.0,pass
1750,1954,2021103108,26.0,39.0,0.0,pass
1751,2166,2021103108,25.0,39.0,-1.4,hurry
1752,2292,2021103108,32.0,40.0,0.0,pass
1753,2314,2021103108,28.0,40.0,0.0,pass
1754,2426,2021103108,36.0,35.0,0.1,scramble
1755,2549,2021103108,33.0,39.0,0.0,pass
1756,2711,2021103108,30.0,34.0,0.0,pass
1757,2866,2021103108,19.0,42.0,0.0,pass
1758,2922,2021103108,27.0,34.0,0.0,pass
1759,2965,2021103108,19.0,38.0,0.0,pass
1760,3078,2021103108,30.0,34.0,-0.4,hurry
1761,3185,2021103108,34.0,44.0,0.0,pass
1762,3230,2021103108,29.0,39.0,0.0,pass
1763,3252,2021103108,30.0,40.0,0.0,pass
1764,3386,2021103108,23.0,39.0,-1.6,hurry
1765,3683,2021103108,29.0,39.0,0.0,pass
1766,3802,2021103108,29.0,38.0,0.0,pass
1767,3831,2021103108,19.0,42.0,0.0,pass
1768,3872,2021103108,46.0,39.0,0.7,sack
1769,3896,2021103108,19.0,36.0,0.0,pass
1770,3919,2021103108,30.0,41.0,0.0,pass
1771,3960,2021103108,36.0,36.0,0.0,hurry
1772,3989,2021103108,33.0,37.0,0.0,pass
1773,4019,2021103108,29.0,39.0,0.0,pass
1774,4065,2021103108,30.0,39.0,0.0,pass
1775,75,2021103109,22.0,35.0,0.0,pass
1776,165,2021103109,22.0,38.0,0.0,pass
1777,232,2021103109,30.0,33.0,-0.3,scramble
1778,313,2021103109,29.0,34.0,0.0,pass
1779,623,2021103109,26.0,40.0,0.0,pass
1780,734,2021103109,22.0,36.0,0.0,pass
1781,855,2021103109,24.0,36.0,0.0,pass
1782,934,2021103109,21.0,36.0,0.0,pass
1783,1034,2021103109,21.0,39.0,0.0,pass
1784,1058,2021103109,24.0,33.0,0.0,pass
1785,1316,2021103109,25.0,39.0,0.0,pass
1786,1359,2021103109,31.0,38.0,0.0,pass
1787,1439,2021103109,27.0,39.0,0.0,pass
1788,1463,2021103109,35.0,38.0,0.0,pass
1789,1492,2021103109,21.0,38.0,0.0,pass
1790,1609,2021103109,35.0,43.0,0.0,pass
1791,1693,2021103109,30.0,38.0,0.0,pass
1792,1766,2021103109,34.0,44.0,0.0,pass
1793,1808,2021103109,30.0,42.0,-1.2,scramble
1794,1987,2021103109,38.0,36.0,0.2,sack
1795,2031,2021103109,29.0,37.0,0.0,pass
1796,2095,2021103109,31.0,38.0,0.0,pass
1797,2193,2021103109,28.0,33.0,-0.5,hurry
1798,2266,2021103109,19.0,29.0,-1.0,hurry
1799,2288,2021103109,20.0,30.0,0.0,pass
1800,2362,2021103109,34.0,39.0,-0.5,scramble
1801,2847,2021103109,28.0,34.0,-0.6,hurry
1802,2869,2021103109,36.0,33.0,0.3,scramble
1803,2977,2021103109,30.0,42.0,0.0,pass
1804,3020,2021103109,27.0,38.0,0.0,pass
1805,3044,2021103109,37.0,38.0,0.0,pass
1806,3068,2021103109,25.0,38.0,0.0,pass
1807,3090,2021103109,24.0,34.0,0.0,pass
1808,3119,2021103109,30.0,36.0,-0.6,scramble
1809,3176,2021103109,23.0,38.0,0.0,pass
1810,3276,2021103109,31.0,40.0,0.0,pass
1811,3516,2021103109,29.0,38.0,-0.9,hurry
1812,3540,2021103109,30.0,38.0,0.0,pass
1813,3564,2021103109,23.0,37.0,0.0,pass
1814,3610,2021103109,27.0,33.0,0.0,pass
1815,3634,2021103109,31.0,39.0,0.0,pass
1816,3668,2021103109,22.0,33.0,-1.1,hurry
1817,3692,2021103109,33.0,39.0,-0.6,hurry
1818,3716,2021103109,22.0,39.0,0.0,pass
1819,3828,2021103109,34.0,37.0,-0.3,hurry
1820,3905,2021103109,21.0,34.0,0.0,pass
1821,3945,2021103109,19.0,38.0,0.0,pass
1822,3991,2021103109,32.0,37.0,0.0,pass
1823,4094,2021103109,32.0,39.0,0.0,pass
1824,4140,2021103109,26.0,34.0,0.0,pass
1825,228,2021103110,25.0,35.0,0.0,pass
1826,362,2021103110,26.0,38.0,0.0,pass
1827,530,2021103110,31.0,43.0,0.0,pass
1828,957,2021103110,18.0,38.0,0.0,pass
1829,1500,2021103110,29.0,39.0,0.0,pass
1830,1580,2021103110,21.0,38.0,0.0,pass
1831,1604,2021103110,30.0,38.0,0.0,pass
1832,1645,2021103110,29.0,34.0,0.0,pass
1833,1674,2021103110,34.0,38.0,-0.4,hurry
1834,1703,2021103110,42.0,38.0,0.4,hurry
1835,1742,2021103110,37.0,34.0,0.3,sack
1836,1789,2021103110,47.0,41.0,0.6,pass
1837,2082,2021103110,21.0,39.0,0.0,pass
1838,2106,2021103110,46.0,39.0,0.7,sack
1839,2150,2021103110,23.0,34.0,-1.1,hurry
1840,2370,2021103110,29.0,38.0,-0.9,hurry
1841,2565,2021103110,26.0,35.0,0.0,pass
1842,2626,2021103110,21.0,39.0,0.0,pass
1843,2650,2021103110,19.0,33.0,0.0,pass
1844,2706,2021103110,36.0,34.0,0.2,sack
1845,2729,2021103110,21.0,40.0,0.0,pass
1846,2751,2021103110,37.0,40.0,-0.3,scramble
1847,2881,2021103110,25.0,34.0,0.0,pass
1848,2974,2021103110,22.0,35.0,0.0,pass
1849,3017,2021103110,36.0,35.0,0.1,hurry
1850,3083,2021103110,25.0,39.0,0.0,pass
1851,3112,2021103110,23.0,38.0,0.0,pass
1852,3167,2021103110,28.0,39.0,0.0,pass
1853,3208,2021103110,19.0,35.0,0.0,pass
1854,3308,2021103110,28.0,34.0,0.0,pass
1855,3397,2021103110,42.0,39.0,0.3,sack
1856,3443,2021103110,51.0,50.0,0.1,scramble
1857,3640,2021103110,33.0,39.0,-0.6,scramble
1858,3727,2021103110,39.0,45.0,0.0,pass
1859,182,2021103111,22.0,31.0,0.0,pass
1860,231,2021103111,37.0,39.0,-0.2,scramble
1861,286,2021103111,17.0,35.0,0.0,pass
1862,310,2021103111,18.0,31.0,0.0,pass
1863,408,2021103111,27.0,37.0,0.0,pass
1864,437,2021103111,67.0,38.0,2.9,hurry
1865,500,2021103111,19.0,38.0,0.0,pass
1866,522,2021103111,25.0,39.0,0.0,pass
1867,768,2021103111,32.0,39.0,-0.7,scramble
1868,789,2021103111,23.0,37.0,0.0,pass
1869,834,2021103111,24.0,34.0,-1.0,hurry
1870,1039,2021103111,23.0,44.0,-2.1,scramble
1871,1089,2021103111,19.0,39.0,0.0,pass
1872,1113,2021103111,31.0,36.0,-0.5,hurry
1873,1185,2021103111,53.0,44.0,0.9,scramble
1874,1248,2021103111,23.0,40.0,0.0,pass
1875,1293,2021103111,22.0,32.0,0.0,pass
1876,1426,2021103111,41.0,39.0,0.2,pass
1877,1448,2021103111,34.0,37.0,0.0,pass
1878,1591,2021103111,25.0,40.0,0.0,pass
1879,1643,2021103111,24.0,34.0,0.0,pass
1880,1669,2021103111,26.0,39.0,-1.3,hurry
1881,1741,2021103111,25.0,32.0,-0.7,hurry
1882,2002,2021103111,19.0,33.0,0.0,pass
1883,2098,2021103111,22.0,40.0,0.0,pass
1884,2267,2021103111,34.0,33.0,0.1,scramble
1885,2318,2021103111,25.0,35.0,0.0,pass
1886,2554,2021103111,22.0,42.0,0.0,pass
1887,2603,2021103111,22.0,38.0,0.0,pass
1888,2632,2021103111,25.0,33.0,0.0,pass
1889,2664,2021103111,37.0,39.0,0.0,pass
1890,2717,2021103111,31.0,39.0,0.0,pass
1891,2807,2021103111,19.0,49.0,0.0,pass
1892,3019,2021103111,20.0,41.0,0.0,pass
1893,3098,2021103111,13.0,33.0,0.0,pass
1894,3123,2021103111,33.0,44.0,-1.1,scramble
1895,3198,2021103111,26.0,45.0,0.0,pass
1896,3246,2021103111,49.0,38.0,1.1,scramble
1897,3429,2021103111,25.0,46.0,0.0,pass
1898,3629,2021103111,29.0,42.0,0.0,pass
1899,3660,2021103111,26.0,34.0,0.0,pass
1900,3713,2021103111,33.0,39.0,0.0,pass
1901,3777,2021103111,35.0,39.0,0.0,pass
1902,3801,2021103111,18.0,46.0,0.0,pass
1903,3854,2021103111,30.0,39.0,0.0,pass
1904,3882,2021103111,30.0,33.0,0.0,pass
1905,3967,2021103111,28.0,45.0,0.0,pass
1906,4107,2021103111,41.0,38.0,0.3,scramble
1907,4178,2021103111,33.0,39.0,0.0,pass
1908,4228,2021103111,20.0,32.0,0.0,pass
1909,4251,2021103111,21.0,37.0,-1.6,hurry
1910,4273,2021103111,26.0,40.0,0.0,pass
1911,4342,2021103111,30.0,39.0,-0.9,hurry
1912,4364,2021103111,32.0,37.0,0.0,pass
1913,4429,2021103111,40.0,38.0,0.2,scramble
1914,4465,2021103111,30.0,40.0,0.0,pass
1915,4489,2021103111,41.0,39.0,0.2,pass
1916,4515,2021103111,44.0,37.0,0.7,sack
1917,97,2021103112,25.0,44.0,0.0,pass
1918,238,2021103112,29.0,39.0,0.0,pass
1919,315,2021103112,20.0,34.0,0.0,pass
1920,386,2021103112,24.0,36.0,0.0,pass
1921,516,2021103112,22.0,34.0,0.0,pass
1922,562,2021103112,39.0,37.0,0.2,scramble
1923,685,2021103112,40.0,39.0,0.1,hurry
1924,939,2021103112,27.0,38.0,0.0,pass
1925,1021,2021103112,33.0,39.0,0.0,pass
1926,1045,2021103112,26.0,39.0,0.0,pass
1927,1228,2021103112,21.0,39.0,0.0,pass
1928,1253,2021103112,31.0,39.0,0.0,pass
1929,1298,2021103112,27.0,38.0,-1.1,scramble
1930,1320,2021103112,22.0,37.0,0.0,pass
1931,1418,2021103112,20.0,45.0,0.0,pass
1932,1719,2021103112,23.0,38.0,0.0,pass
1933,1743,2021103112,27.0,34.0,-0.7,hurry
1934,1809,2021103112,29.0,38.0,-0.9,hurry
1935,1831,2021103112,29.0,37.0,-0.8,hurry
1936,1901,2021103112,34.0,44.0,0.0,pass
1937,1931,2021103112,31.0,38.0,-0.7,scramble
1938,1952,2021103112,22.0,36.0,0.0,pass
1939,2072,2021103112,31.0,39.0,0.0,pass
1940,2270,2021103112,32.0,38.0,-0.6,scramble
1941,2523,2021103112,27.0,41.0,0.0,pass
1942,2545,2021103112,26.0,39.0,0.0,pass
1943,2631,2021103112,22.0,38.0,0.0,pass
1944,2722,2021103112,17.0,35.0,0.0,pass
1945,2938,2021103112,19.0,33.0,0.0,pass
1946,2968,2021103112,23.0,34.0,0.0,pass
1947,3221,2021103112,29.0,39.0,0.0,pass
1948,3396,2021103112,26.0,40.0,-1.4,hurry
1949,3507,2021103112,27.0,33.0,0.0,pass
1950,3529,2021103112,25.0,39.0,0.0,pass
1951,3814,2021103112,44.0,40.0,0.4,scramble
1952,3878,2021103112,24.0,38.0,0.0,pass
1953,3906,2021103112,27.0,37.0,0.0,pass
1954,3930,2021103112,22.0,33.0,0.0,pass
1955,3964,2021103112,31.0,38.0,0.0,pass
1956,4003,2021103112,30.0,39.0,0.0,pass
1957,4048,2021103112,26.0,38.0,0.0,pass
1958,4167,2021103112,26.0,39.0,0.0,pass
1959,4288,2021103112,31.0,38.0,-0.7,hurry
1960,4317,2021103112,34.0,36.0,-0.2,hurry
1961,4362,2021103112,29.0,39.0,-1.0,hurry
1962,4409,2021103112,36.0,39.0,0.0,pass
1963,4434,2021103112,41.0,39.0,0.2,scramble
1964,159,2021110100,16.0,38.0,0.0,pass
1965,265,2021110100,35.0,38.0,-0.3,scramble
1966,441,2021110100,20.0,39.0,0.0,pass
1967,531,2021110100,50.0,43.0,0.7,scramble
1968,775,2021110100,32.0,34.0,-0.2,hurry
1969,797,2021110100,40.0,38.0,0.2,pass
1970,1037,2021110100,24.0,46.0,0.0,pass
1971,1160,2021110100,26.0,38.0,-1.2,hurry
1972,1301,2021110100,23.0,33.0,-1.0,hurry
1973,1458,2021110100,25.0,38.0,0.0,pass
1974,2032,2021110100,49.0,39.0,1.0,scramble
1975,2165,2021110100,28.0,38.0,0.0,pass
1976,2226,2021110100,36.0,36.0,0.0,scramble
1977,2569,2021110100,18.0,36.0,0.0,pass
1978,2593,2021110100,31.0,44.0,0.0,pass
1979,2712,2021110100,21.0,38.0,0.0,pass
1980,2783,2021110100,21.0,34.0,0.0,pass
1981,2976,2021110100,23.0,40.0,0.0,pass
1982,3195,2021110100,19.0,31.0,0.0,pass
1983,3260,2021110100,20.0,36.0,0.0,pass
1984,3362,2021110100,28.0,46.0,0.0,pass
1985,3392,2021110100,28.0,38.0,0.0,pass
1986,3572,2021110100,33.0,39.0,0.0,pass
1987,3674,2021110100,54.0,42.0,1.2,sack
1988,3955,2021110100,35.0,34.0,0.1,scramble
1989,4016,2021110100,34.0,40.0,-0.6,scramble
1990,4049,2021110100,24.0,40.0,-1.6,scramble
1991,4071,2021110100,32.0,39.0,0.0,pass
1992,4113,2021110100,27.0,38.0,0.0,pass
1993,4310,2021110100,34.0,44.0,-1.0,scramble
1994,4363,2021110100,35.0,38.0,-0.3,scramble
1995,4392,2021110100,42.0,42.0,0.0,sack
1996,4411,2021110100,27.0,38.0,-1.1,hurry
1997,4433,2021110100,47.0,39.0,0.8,scramble
