,frameId,Area,playId,gameId
0,1,38.810100000000034,77,2021091913
0,2,38.330500000000036,77,2021091913
0,3,37.79945000000001,77,2021091913
0,4,37.13645000000004,77,2021091913
0,5,36.197650000000046,77,2021091913
0,6,34.93790000000003,77,2021091913
0,7,33.55120000000005,77,2021091913
0,8,31.93925000000003,77,2021091913
0,9,30.17805000000005,77,2021091913
0,10,28.2179,77,2021091913
0,11,26.145200000000035,77,2021091913
0,12,23.953799999999962,77,2021091913
0,13,22.695050000000023,77,2021091913
0,14,21.785350000000008,77,2021091913
0,15,20.982650000000046,77,2021091913
0,16,20.188850000000013,77,2021091913
0,17,19.198199999999986,77,2021091913
0,18,18.50480000000003,77,2021091913
0,19,17.94959999999999,77,2021091913
0,20,17.213250000000006,77,2021091913
0,21,16.504849999999983,77,2021091913
0,22,18.8743,77,2021091913
0,23,22.613999999999997,77,2021091913
0,24,26.631400000000003,77,2021091913
0,25,30.725549999999988,77,2021091913
0,26,34.77479999999998,77,2021091913
0,27,38.80189999999999,77,2021091913
0,28,42.63789999999999,77,2021091913
0,29,46.06019999999997,77,2021091913
0,30,48.974100000000035,77,2021091913
0,31,51.24770000000001,77,2021091913
0,32,52.553599999999996,77,2021091913
0,33,53.35574999999997,77,2021091913
0,34,53.395500000000034,77,2021091913
0,35,52.71650000000001,77,2021091913
0,36,51.51540000000004,77,2021091913
0,37,49.98604999999999,77,2021091913
0,38,47.91850000000006,77,2021091913
0,39,45.53160000000002,77,2021091913
0,40,43.08680000000003,77,2021091913
0,41,40.63434999999996,77,2021091913
0,42,38.228899999999996,77,2021091913
0,1,27.086499999999944,99,2021091913
0,2,27.06929999999994,99,2021091913
0,3,27.00504999999999,99,2021091913
0,4,26.987199999999973,99,2021091913
0,5,26.91665000000004,99,2021091913
0,6,26.927000000000017,99,2021091913
0,7,26.96109999999995,99,2021091913
0,8,26.79675000000002,99,2021091913
0,9,26.567600000000034,99,2021091913
0,10,26.123900000000006,99,2021091913
0,11,25.69639999999999,99,2021091913
0,12,25.458200000000055,99,2021091913
0,13,25.51035000000003,99,2021091913
0,14,25.56069999999996,99,2021091913
0,15,25.598650000000013,99,2021091913
0,16,25.67119999999998,99,2021091913
0,17,25.634799999999984,99,2021091913
0,18,25.270249999999987,99,2021091913
0,19,24.430199999999946,99,2021091913
0,20,23.55839999999999,99,2021091913
0,21,22.22749999999995,99,2021091913
0,22,20.699500000000043,99,2021091913
0,23,18.77794999999997,99,2021091913
0,24,16.653350000000042,99,2021091913
0,25,14.638799999999994,99,2021091913
0,26,12.641899999999996,99,2021091913
0,27,10.733949999999986,99,2021091913
0,28,8.892099999999983,99,2021091913
0,29,7.742250000000013,99,2021091913
0,30,7.356200000000014,99,2021091913
0,31,7.164099999999997,99,2021091913
0,32,7.064599999999979,99,2021091913
0,33,6.951399999999996,99,2021091913
0,34,6.994499999999995,99,2021091913
0,35,7.046899999999983,99,2021091913
0,1,33.647800000000004,397,2021091913
0,2,33.736250000000005,397,2021091913
0,3,33.608999999999995,397,2021091913
0,4,33.89750000000001,397,2021091913
0,5,34.01814999999999,397,2021091913
0,6,34.34214999999999,397,2021091913
0,7,34.639900000000004,397,2021091913
0,8,34.6449,397,2021091913
0,9,34.91785,397,2021091913
0,10,35.24360000000001,397,2021091913
0,11,35.34884999999997,397,2021091913
0,12,35.41020000000002,397,2021091913
0,13,35.51949999999999,397,2021091913
0,14,35.976549999999975,397,2021091913
0,15,36.24364999999999,397,2021091913
0,16,37.00740000000002,397,2021091913
0,17,37.71925000000002,397,2021091913
0,18,38.559900000000006,397,2021091913
0,19,39.6033,397,2021091913
0,20,40.85654999999999,397,2021091913
0,21,42.32525,397,2021091913
0,22,43.90115,397,2021091913
0,23,45.50159999999998,397,2021091913
0,24,47.40944999999998,397,2021091913
0,25,49.1224,397,2021091913
0,26,50.835800000000006,397,2021091913
0,27,52.5038,397,2021091913
0,28,54.136850000000024,397,2021091913
0,29,55.729100000000024,397,2021091913
0,30,57.36969999999998,397,2021091913
0,31,58.75950000000001,397,2021091913
0,32,59.90544999999999,397,2021091913
0,33,60.879349999999995,397,2021091913
0,34,62.02799999999999,397,2021091913
0,35,63.0061,397,2021091913
0,36,64.26835000000001,397,2021091913
0,37,65.61910000000003,397,2021091913
0,38,67.05655,397,2021091913
0,39,68.72349999999999,397,2021091913
0,40,70.12443285530907,397,2021091913
0,1,30.75590000000002,421,2021091913
0,2,30.70339999999998,421,2021091913
0,3,30.301700000000025,421,2021091913
0,4,30.006700000000016,421,2021091913
0,5,29.702799999999996,421,2021091913
0,6,29.355250000000026,421,2021091913
0,7,28.849650000000015,421,2021091913
0,8,28.688750000000034,421,2021091913
0,9,28.560699999999994,421,2021091913
0,10,28.459150000000037,421,2021091913
0,11,28.36755000000003,421,2021091913
0,12,28.604649999999992,421,2021091913
0,13,28.989400000000003,421,2021091913
0,14,29.46594999999998,421,2021091913
0,15,29.89414999999998,421,2021091913
0,16,30.561600000000013,421,2021091913
0,17,31.121900000000025,421,2021091913
0,18,31.691050000000033,421,2021091913
0,19,32.19734999999999,421,2021091913
0,20,32.779900000000026,421,2021091913
0,21,33.22735000000002,421,2021091913
0,22,33.20524999999999,421,2021091913
0,23,33.02099999999997,421,2021091913
0,24,32.47514999999997,421,2021091913
0,25,31.679250000000017,421,2021091913
0,26,30.434899999999995,421,2021091913
0,27,29.13839999999998,421,2021091913
0,28,27.684350000000023,421,2021091913
0,29,26.352800000000013,421,2021091913
0,30,25.72275,421,2021091913
0,31,24.564100000000035,421,2021091913
0,32,23.194250000000004,421,2021091913
0,33,21.927400000000006,421,2021091913
0,34,20.78885000000002,421,2021091913
0,35,21.011300000000006,421,2021091913
0,36,21.48210000000002,421,2021091913
0,37,21.70694999999999,421,2021091913
0,38,21.69330000000001,421,2021091913
0,39,21.671999999999993,421,2021091913
0,40,21.37585000000001,421,2021091913
0,41,21.1216,421,2021091913
0,42,21.136450000000004,421,2021091913
0,43,17.240501537352838,421,2021091913
0,44,16.645057929534484,421,2021091913
0,45,16.59953401512389,421,2021091913
0,46,16.27529774458877,421,2021091913
0,47,16.676274490837784,421,2021091913
0,48,12.282540125818752,421,2021091913
0,49,12.125435769396404,421,2021091913
0,50,11.729732527251644,421,2021091913
0,51,11.169005853155218,421,2021091913
0,52,10.195774536223029,421,2021091913
0,53,10.19743893076519,421,2021091913
0,54,6.136053243247963,421,2021091913
0,1,3.861649999999971,523,2021091913
0,2,3.905100000000017,523,2021091913
0,3,4.004400000000002,523,2021091913
0,4,4.0546000000000415,523,2021091913
0,5,4.166600000000038,523,2021091913
0,6,4.152000000000047,523,2021091913
0,7,4.3041500000000505,523,2021091913
0,8,4.579599999999981,523,2021091913
0,9,5.1695999999999875,523,2021091913
0,10,6.318349999999964,523,2021091913
0,11,7.812899999999998,523,2021091913
0,12,9.809950000000036,523,2021091913
0,13,12.004599999999991,523,2021091913
0,14,14.606750000000048,523,2021091913
0,15,17.30025000000003,523,2021091913
0,16,20.155449999999977,523,2021091913
0,17,23.06719999999997,523,2021091913
0,18,25.961700000000054,523,2021091913
0,19,28.931050000000035,523,2021091913
0,20,31.616199999999992,523,2021091913
0,21,29.418462329328335,523,2021091913
0,22,30.588048550570086,523,2021091913
0,23,31.550419384885938,523,2021091913
0,24,32.078823612166744,523,2021091913
0,25,29.771419803285447,523,2021091913
0,26,29.847958045214863,523,2021091913
0,27,29.52667076968539,523,2021091913
0,28,28.841909143410827,523,2021091913
0,29,27.607410159981608,523,2021091913
0,30,26.37083774936254,523,2021091913
0,31,25.259379296936746,523,2021091913
0,32,24.139173958487824,523,2021091913
0,33,23.156238070273947,523,2021091913
0,34,22.404376048263448,523,2021091913
0,35,21.990719241770257,523,2021091913
0,36,21.57653753767908,523,2021091913
0,37,19.76443416957998,523,2021091913
0,38,18.551845282934185,523,2021091913
0,39,19.04856935897249,523,2021091913
0,40,19.09795000000002,523,2021091913
0,41,18.532099999999982,523,2021091913
0,42,18.08360000000004,523,2021091913
0,43,17.767150000000004,523,2021091913
0,44,17.46209999999997,523,2021091913
0,45,17.10184999999997,523,2021091913
0,46,16.72669999999998,523,2021091913
0,47,15.705676613237621,523,2021091913
0,48,15.252162829024051,523,2021091913
0,49,14.726934442686233,523,2021091913
0,50,14.170893972712038,523,2021091913
0,51,13.646447693589883,523,2021091913
0,1,35.656349999999996,579,2021091913
0,2,35.67910000000003,579,2021091913
0,3,35.68665,579,2021091913
0,4,35.68665,579,2021091913
0,5,35.7122,579,2021091913
0,6,35.73625000000006,579,2021091913
0,7,35.669300000000035,579,2021091913
0,8,35.54435000000004,579,2021091913
0,9,35.375399999999956,579,2021091913
0,10,35.026250000000026,579,2021091913
0,11,34.62074999999999,579,2021091913
0,12,34.31569999999995,579,2021091913
0,13,34.198299999999946,579,2021091913
0,14,34.32320000000003,579,2021091913
0,15,34.54170000000006,579,2021091913
0,16,35.07075,579,2021091913
0,17,35.59154999999996,579,2021091913
0,18,36.45434999999997,579,2021091913
0,19,37.361800000000045,579,2021091913
0,20,38.46350000000001,579,2021091913
0,21,39.631650000000064,579,2021091913
0,22,40.89075000000003,579,2021091913
0,23,41.91779999999994,579,2021091913
0,24,42.88934999999999,579,2021091913
0,25,43.802000000000035,579,2021091913
0,26,44.25995000000003,579,2021091913
0,27,44.43910000000001,579,2021091913
0,28,44.27609999999999,579,2021091913
0,29,43.89925000000002,579,2021091913
0,30,42.960549999999934,579,2021091913
0,31,41.483999999999995,579,2021091913
0,32,39.786850000000065,579,2021091913
0,33,37.62224999999999,579,2021091913
0,34,35.21394999999994,579,2021091913
0,35,32.79015,579,2021091913
0,36,30.425699999999935,579,2021091913
0,37,28.345800000000033,579,2021091913
0,38,26.586899999999986,579,2021091913
0,39,25.06670000000001,579,2021091913
0,1,30.424750000000007,734,2021091913
0,2,30.412950000000013,734,2021091913
0,3,30.37450000000002,734,2021091913
0,4,30.26404999999999,734,2021091913
0,5,30.222749999999984,734,2021091913
0,6,30.355849999999997,734,2021091913
0,7,30.572299999999974,734,2021091913
0,8,30.763499999999997,734,2021091913
0,9,31.064000000000014,734,2021091913
0,10,31.352950000000003,734,2021091913
0,11,31.760400000000015,734,2021091913
0,12,31.959050000000047,734,2021091913
0,13,32.09880000000001,734,2021091913
0,14,32.019000000000005,734,2021091913
0,15,31.813000000000006,734,2021091913
0,16,31.50865000000002,734,2021091913
0,17,30.996500000000022,734,2021091913
0,18,31.36274999999999,734,2021091913
0,19,31.835050000000017,734,2021091913
0,20,32.24299999999996,734,2021091913
0,21,32.29289999999999,734,2021091913
0,22,32.33749999999996,734,2021091913
0,23,32.15935,734,2021091913
0,24,31.88224999999998,734,2021091913
0,25,31.182200000000044,734,2021091913
0,26,30.49229999999998,734,2021091913
0,27,29.852200000000018,734,2021091913
0,28,29.322499999999984,734,2021091913
0,29,28.90029999999998,734,2021091913
0,30,28.68464999999999,734,2021091913
0,31,28.574500000000015,734,2021091913
0,32,28.652900000000002,734,2021091913
0,33,28.828799999999994,734,2021091913
0,34,29.58384614346042,734,2021091913
0,1,24.194850000000017,780,2021091913
0,2,24.167100000000005,780,2021091913
0,3,24.166899999999966,780,2021091913
0,4,24.28005,780,2021091913
0,5,24.322650000000017,780,2021091913
0,6,24.492300000000004,780,2021091913
0,7,24.792999999999978,780,2021091913
0,8,25.123499999999986,780,2021091913
0,9,25.337199999999985,780,2021091913
0,10,25.690049999999996,780,2021091913
0,11,26.30210000000001,780,2021091913
0,12,27.05520000000002,780,2021091913
0,13,27.97839999999997,780,2021091913
0,14,29.047600000000017,780,2021091913
0,15,30.110500000000016,780,2021091913
0,16,31.113500000000048,780,2021091913
0,17,32.00060000000002,780,2021091913
0,18,32.761199999999995,780,2021091913
0,19,32.678050000000034,780,2021091913
0,20,32.427800000000005,780,2021091913
0,21,31.56419999999998,780,2021091913
0,22,30.392749999999985,780,2021091913
0,23,28.55149999999998,780,2021091913
0,24,26.347450000000016,780,2021091913
0,25,24.00140000000001,780,2021091913
0,26,16.559270371163286,780,2021091913
0,27,14.224526073232312,780,2021091913
0,28,12.207572203098044,780,2021091913
0,29,10.310159552373582,780,2021091913
0,30,9.484464971472528,780,2021091913
0,31,9.779333340728295,780,2021091913
0,32,9.981232087663525,780,2021091913
0,33,10.189277070525932,780,2021091913
0,34,10.419173501659342,780,2021091913
0,35,10.579385716373846,780,2021091913
0,36,10.934062638261768,780,2021091913
0,1,34.531549999999974,806,2021091913
0,2,34.245949999999986,806,2021091913
0,3,33.97459999999998,806,2021091913
0,4,33.6192,806,2021091913
0,5,33.315349999999995,806,2021091913
0,6,33.15334999999998,806,2021091913
0,7,33.07759999999998,806,2021091913
0,8,33.12399999999998,806,2021091913
0,9,33.1607,806,2021091913
0,10,33.40660000000002,806,2021091913
0,11,33.9048,806,2021091913
0,12,34.72740000000001,806,2021091913
0,13,35.698450000000015,806,2021091913
0,14,36.767100000000006,806,2021091913
0,15,38.32314999999997,806,2021091913
0,16,39.81750000000003,806,2021091913
0,17,41.64915,806,2021091913
0,18,43.7059,806,2021091913
0,19,46.0342,806,2021091913
0,20,48.40669999999999,806,2021091913
0,21,51.1407,806,2021091913
0,22,50.606952751314125,806,2021091913
0,23,52.71843991854915,806,2021091913
0,24,55.46446991978996,806,2021091913
0,25,54.09096359920916,806,2021091913
0,26,55.81167984402909,806,2021091913
0,27,57.60194481625172,806,2021091913
0,28,59.90026916651482,806,2021091913
0,29,61.633008500846614,806,2021091913
0,30,39.53604973497826,806,2021091913
0,31,39.80784807776056,806,2021091913
0,32,40.07670315460988,806,2021091913
0,33,40.748732248515395,806,2021091913
0,34,41.75413464037438,806,2021091913
0,35,42.75788363417955,806,2021091913
0,36,43.718526106116784,806,2021091913
0,37,46.22233947421924,806,2021091913
0,38,48.43941134009114,806,2021091913
0,39,50.80887410196901,806,2021091913
0,40,56.18724656096398,806,2021091913
0,41,60.10388993495021,806,2021091913
0,42,65.0275299102433,806,2021091913
0,43,71.20571210555606,806,2021091913
0,44,75.83547205684923,806,2021091913
0,45,79.04579544435875,806,2021091913
0,46,81.28367126899855,806,2021091913
0,47,82.66346847610129,806,2021091913
0,48,86.4301701382564,806,2021091913
0,49,90.1263756227273,806,2021091913
0,50,60.855995971628666,806,2021091913
0,51,63.50376913529936,806,2021091913
0,52,66.52620582706976,806,2021091913
0,53,69.67933100589218,806,2021091913
0,1,28.85000000000001,865,2021091913
0,2,28.672350000000023,865,2021091913
0,3,28.422750000000008,865,2021091913
0,4,28.14155000000001,865,2021091913
0,5,27.951850000000007,865,2021091913
0,6,27.829350000000005,865,2021091913
0,7,27.723,865,2021091913
0,8,27.868199999999987,865,2021091913
0,9,27.96600000000001,865,2021091913
0,10,28.031099999999984,865,2021091913
0,11,28.147300000000012,865,2021091913
0,12,28.603049999999993,865,2021091913
0,13,29.302049999999994,865,2021091913
0,14,30.337049999999984,865,2021091913
0,15,31.397750000000002,865,2021091913
0,16,32.92129999999999,865,2021091913
0,17,34.463299999999975,865,2021091913
0,18,35.897699999999986,865,2021091913
0,19,37.43500000000001,865,2021091913
0,20,39.307749999999984,865,2021091913
0,21,41.043449999999986,865,2021091913
0,22,42.76604999999999,865,2021091913
0,23,44.341199999999986,865,2021091913
0,24,45.74990000000001,865,2021091913
0,25,46.781650000000006,865,2021091913
0,26,47.95924999999998,865,2021091913
0,27,48.85625,865,2021091913
0,28,49.4079,865,2021091913
0,29,49.444399999999995,865,2021091913
0,30,49.129649999999984,865,2021091913
0,31,48.153900000000014,865,2021091913
0,32,46.70954999999999,865,2021091913
0,33,45.06625000000001,865,2021091913
0,34,43.778250000000014,865,2021091913
0,35,22.11599901136497,865,2021091913
0,36,20.689226205637937,865,2021091913
0,37,19.23246432301323,865,2021091913
0,38,17.928277267371357,865,2021091913
0,39,16.675162952377537,865,2021091913
0,40,15.284176674908073,865,2021091913
0,41,14.04647941787987,865,2021091913
0,42,14.54352564215362,865,2021091913
0,43,15.315438722731463,865,2021091913
0,44,16.45607450384836,865,2021091913
0,45,18.10396476737363,865,2021091913
0,46,20.194832227871395,865,2021091913
0,47,22.942466284707415,865,2021091913
0,48,25.45651755943708,865,2021091913
0,49,28.449493916188576,865,2021091913
0,1,26.921100000000028,952,2021091913
0,2,26.919600000000024,952,2021091913
0,3,26.872749999999996,952,2021091913
0,4,26.73419999999994,952,2021091913
0,5,26.750599999999977,952,2021091913
0,6,26.641599999999958,952,2021091913
0,7,26.62899999999999,952,2021091913
0,8,26.55055000000006,952,2021091913
0,9,26.517100000000067,952,2021091913
0,10,26.55040000000004,952,2021091913
0,11,26.622249999999976,952,2021091913
0,12,26.63685,952,2021091913
0,13,26.792549999999963,952,2021091913
0,14,26.670499999999983,952,2021091913
0,15,26.663850000000004,952,2021091913
0,16,26.71109999999997,952,2021091913
0,17,26.838149999999942,952,2021091913
0,18,26.94255000000002,952,2021091913
0,19,27.07794999999999,952,2021091913
0,20,27.270750000000017,952,2021091913
0,21,27.316449999999985,952,2021091913
0,22,27.297000000000054,952,2021091913
0,23,26.784499999999955,952,2021091913
0,24,25.875649999999972,952,2021091913
0,25,24.669800000000038,952,2021091913
0,26,20.53114016313141,952,2021091913
0,27,17.99684774888761,952,2021091913
0,28,14.181900171567367,952,2021091913
0,29,12.129526757537372,952,2021091913
0,30,8.201765399593679,952,2021091913
0,31,6.409001537453919,952,2021091913
0,1,27.451349999999998,1022,2021091913
0,2,27.56245000000003,1022,2021091913
0,3,27.64360000000004,1022,2021091913
0,4,27.612599999999993,1022,2021091913
0,5,27.66269999999998,1022,2021091913
0,6,27.728100000000005,1022,2021091913
0,7,27.874699999999997,1022,2021091913
0,8,27.890799999999988,1022,2021091913
0,9,27.997500000000013,1022,2021091913
0,10,28.17519999999997,1022,2021091913
0,11,28.332099999999993,1022,2021091913
0,12,28.30250000000001,1022,2021091913
0,13,28.261200000000038,1022,2021091913
0,14,28.135799999999982,1022,2021091913
0,15,28.041000000000004,1022,2021091913
0,16,27.91759999999996,1022,2021091913
0,17,27.485149999999976,1022,2021091913
0,18,26.850000000000016,1022,2021091913
0,19,26.152199999999993,1022,2021091913
0,20,25.336649999999985,1022,2021091913
0,21,22.77865667374315,1022,2021091913
0,22,21.614585300857613,1022,2021091913
0,23,20.538465228869946,1022,2021091913
0,24,19.74665520284751,1022,2021091913
0,25,18.948159528801103,1022,2021091913
0,26,18.198266719247698,1022,2021091913
0,27,17.55864022929268,1022,2021091913
0,28,16.97710582889543,1022,2021091913
0,1,27.03125000000002,1107,2021091913
0,2,26.964949999999995,1107,2021091913
0,3,27.007300000000036,1107,2021091913
0,4,27.007300000000047,1107,2021091913
0,5,26.982500000000027,1107,2021091913
0,6,26.969249999999978,1107,2021091913
0,7,27.129349999999974,1107,2021091913
0,8,27.228799999999975,1107,2021091913
0,9,27.323900000000002,1107,2021091913
0,10,27.37939999999998,1107,2021091913
0,11,27.583550000000024,1107,2021091913
0,12,27.889550000000014,1107,2021091913
0,13,28.4199,1107,2021091913
0,14,29.071850000000072,1107,2021091913
0,15,29.56645000000004,1107,2021091913
0,16,30.382250000000024,1107,2021091913
0,17,31.09900000000005,1107,2021091913
0,18,31.667450000000052,1107,2021091913
0,19,32.35825000000002,1107,2021091913
0,20,33.37759999999996,1107,2021091913
0,21,33.92619999999995,1107,2021091913
0,22,34.02325,1107,2021091913
0,23,30.707213988498612,1107,2021091913
0,24,29.062912820100564,1107,2021091913
0,25,25.239307544009343,1107,2021091913
0,26,22.8917753210659,1107,2021091913
0,27,20.642627055158904,1107,2021091913
0,28,18.409815017548354,1107,2021091913
0,29,16.23327462049864,1107,2021091913
0,30,14.304683015690115,1107,2021091913
0,31,12.488511470568604,1107,2021091913
0,32,12.05928067588022,1107,2021091913
0,33,10.933039598278178,1107,2021091913
0,1,26.376299999999997,1152,2021091913
0,2,26.31369999999998,1152,2021091913
0,3,26.221399999999974,1152,2021091913
0,4,26.17469999999999,1152,2021091913
0,5,26.17469999999998,1152,2021091913
0,6,26.065399999999947,1152,2021091913
0,7,26.126499999999947,1152,2021091913
0,8,26.437999999999967,1152,2021091913
0,9,26.420899999999943,1152,2021091913
0,10,26.303750000000015,1152,2021091913
0,11,26.43369999999998,1152,2021091913
0,12,26.59829999999998,1152,2021091913
0,13,27.0063,1152,2021091913
0,14,27.697500000000023,1152,2021091913
0,15,28.615799999999968,1152,2021091913
0,16,29.568600000000007,1152,2021091913
0,17,30.499349999999982,1152,2021091913
0,18,31.255750000000006,1152,2021091913
0,19,32.19140000000005,1152,2021091913
0,20,32.87595000000002,1152,2021091913
0,21,33.35745000000004,1152,2021091913
0,22,33.49195000000004,1152,2021091913
0,23,33.17329999999994,1152,2021091913
0,24,32.34164999999996,1152,2021091913
0,25,30.99359999999999,1152,2021091913
0,26,29.59510000000005,1152,2021091913
0,27,27.978899999999992,1152,2021091913
0,28,26.25255000000001,1152,2021091913
0,29,24.63444999999999,1152,2021091913
0,30,22.89630000000004,1152,2021091913
0,31,21.268550000000033,1152,2021091913
0,32,19.650099999999988,1152,2021091913
0,33,18.453350000000015,1152,2021091913
0,34,17.558950000000024,1152,2021091913
0,35,16.801000000000016,1152,2021091913
0,36,16.469400000000014,1152,2021091913
0,37,16.33519999999999,1152,2021091913
0,1,8.740800000000085,1176,2021091913
0,2,8.709200000000058,1176,2021091913
0,3,8.775600000000072,1176,2021091913
0,4,8.775050000000059,1176,2021091913
0,5,8.856200000000092,1176,2021091913
0,6,8.817000000000071,1176,2021091913
0,7,8.835400000000046,1176,2021091913
0,8,8.85855000000005,1176,2021091913
0,9,8.64015000000003,1176,2021091913
0,10,8.496600000000036,1176,2021091913
0,11,8.572099999999976,1176,2021091913
0,12,9.848500000000069,1176,2021091913
0,13,12.368500000000063,1176,2021091913
0,14,15.618449999999944,1176,2021091913
0,15,19.62315000000005,1176,2021091913
0,16,24.06620000000002,1176,2021091913
0,17,28.6479,1176,2021091913
0,18,33.23484999999998,1176,2021091913
0,19,37.27971847910254,1176,2021091913
0,20,41.79493116311387,1176,2021091913
0,21,46.00016815566293,1176,2021091913
0,22,50.1335608690307,1176,2021091913
0,23,54.093742344521075,1176,2021091913
0,24,58.04375651307017,1176,2021091913
0,25,61.579339961922045,1176,2021091913
0,26,64.97579596692867,1176,2021091913
0,27,68.10413981656865,1176,2021091913
0,28,71.35580000000002,1176,2021091913
0,29,74.06610000000006,1176,2021091913
0,30,76.92455000000004,1176,2021091913
0,31,79.20210000000009,1176,2021091913
0,32,81.50290000000003,1176,2021091913
0,33,83.25994999999998,1176,2021091913
0,34,84.97045000000001,1176,2021091913
0,35,86.92854999999993,1176,2021091913
0,36,88.63694999999994,1176,2021091913
0,37,89.91719999999995,1176,2021091913
0,38,90.85324999999995,1176,2021091913
0,39,91.87555,1176,2021091913
0,40,92.58825000000003,1176,2021091913
0,41,93.33394999999997,1176,2021091913
0,42,93.93444999999983,1176,2021091913
0,1,27.742000000000015,1198,2021091913
0,2,27.578000000000017,1198,2021091913
0,3,27.448000000000054,1198,2021091913
0,4,27.348999999999997,1198,2021091913
0,5,27.217999999999975,1198,2021091913
0,6,27.29079999999997,1198,2021091913
0,7,27.232049999999983,1198,2021091913
0,8,27.45374999999993,1198,2021091913
0,9,27.602899999999998,1198,2021091913
0,10,27.665399999999998,1198,2021091913
0,11,27.90315,1198,2021091913
0,12,28.224800000000002,1198,2021091913
0,13,28.474050000000005,1198,2021091913
0,14,28.926900000000014,1198,2021091913
0,15,29.587949999999953,1198,2021091913
0,16,30.250050000000066,1198,2021091913
0,17,31.011899999999958,1198,2021091913
0,18,31.871250000000007,1198,2021091913
0,19,32.69459999999997,1198,2021091913
0,20,33.31860000000005,1198,2021091913
0,21,33.44700000000005,1198,2021091913
0,22,33.26960000000002,1198,2021091913
0,23,32.85250000000002,1198,2021091913
0,24,32.16155000000004,1198,2021091913
0,25,31.083249999999996,1198,2021091913
0,26,29.778799999999972,1198,2021091913
0,27,28.599600000000034,1198,2021091913
0,28,27.31045,1198,2021091913
0,29,26.065849999999973,1198,2021091913
0,30,24.764950000000013,1198,2021091913
0,31,23.476549999999957,1198,2021091913
0,32,22.88309999999999,1198,2021091913
0,33,20.347933856459452,1198,2021091913
0,34,19.15118327731018,1198,2021091913
0,35,18.710180926369787,1198,2021091913
0,36,9.342819722255074,1198,2021091913
0,37,8.022683231130737,1198,2021091913
0,38,6.878287014363488,1198,2021091913
0,39,6.17985879214479,1198,2021091913
0,40,6.316412353020201,1198,2021091913
0,41,7.548990669050675,1198,2021091913
0,1,27.40384999999996,1220,2021091913
0,2,27.222999999999995,1220,2021091913
0,3,26.98885000000005,1220,2021091913
0,4,26.891600000000007,1220,2021091913
0,5,26.868800000000032,1220,2021091913
0,6,26.99254999999997,1220,2021091913
0,7,27.067899999999973,1220,2021091913
0,8,27.32024999999999,1220,2021091913
0,9,27.662500000000005,1220,2021091913
0,10,28.053999999999988,1220,2021091913
0,11,28.491499999999967,1220,2021091913
0,12,29.168400000000005,1220,2021091913
0,13,29.96070000000004,1220,2021091913
0,14,30.904350000000065,1220,2021091913
0,15,31.88925000000001,1220,2021091913
0,16,32.977399999999975,1220,2021091913
0,17,33.96775000000003,1220,2021091913
0,18,35.100149999999985,1220,2021091913
0,19,36.04245,1220,2021091913
0,20,37.134000000000015,1220,2021091913
0,21,37.91855,1220,2021091913
0,22,38.59030000000007,1220,2021091913
0,23,38.9751,1220,2021091913
0,24,39.61930000000008,1220,2021091913
0,25,40.00714999999999,1220,2021091913
0,26,39.928000000000054,1220,2021091913
0,27,39.549800000000005,1220,2021091913
0,28,38.76985000000002,1220,2021091913
0,29,37.88875,1220,2021091913
0,30,36.87780000000008,1220,2021091913
0,31,35.91159999999997,1220,2021091913
0,32,34.901300000000056,1220,2021091913
0,33,33.90505000000003,1220,2021091913
0,34,33.03380000000002,1220,2021091913
0,35,32.184649999999955,1220,2021091913
0,36,31.45990000000006,1220,2021091913
0,37,31.46833315246986,1220,2021091913
0,38,32.3773007080176,1220,2021091913
0,39,33.73716753846136,1220,2021091913
0,40,35.13688704195261,1220,2021091913
0,41,36.808119936572275,1220,2021091913
0,42,38.55446209919043,1220,2021091913
0,43,40.62266418075773,1220,2021091913
0,44,43.14240000000005,1220,2021091913
0,45,45.182899999999954,1220,2021091913
0,46,47.30725000000004,1220,2021091913
0,47,49.184999999999945,1220,2021091913
0,48,50.94124999999998,1220,2021091913
0,49,52.42429999999987,1220,2021091913
0,50,53.511799999999944,1220,2021091913
0,51,54.19619999999996,1220,2021091913
0,52,54.51085000000005,1220,2021091913
0,53,54.01770000000003,1220,2021091913
0,54,53.33675000000007,1220,2021091913
0,55,52.653899999999894,1220,2021091913
0,56,51.77385000000008,1220,2021091913
0,57,51.50775000000003,1220,2021091913
0,58,55.30420000000006,1220,2021091913
0,59,58.88200000000004,1220,2021091913
0,60,61.943399999999976,1220,2021091913
0,61,64.56224999999996,1220,2021091913
0,62,66.83569999999995,1220,2021091913
0,63,68.75744999999996,1220,2021091913
0,64,70.44505000000001,1220,2021091913
0,65,71.37970000000004,1220,2021091913
0,66,71.74020000000006,1220,2021091913
0,67,71.64080000000004,1220,2021091913
0,68,70.55300000000001,1220,2021091913
0,69,69.07435000000004,1220,2021091913
0,70,67.00654999999996,1220,2021091913
0,71,64.20080000000002,1220,2021091913
0,72,60.91169999999995,1220,2021091913
0,73,57.79200000000005,1220,2021091913
0,74,54.342350000000025,1220,2021091913
0,75,50.97285000000002,1220,2021091913
0,76,47.4812,1220,2021091913
0,77,44.301449999999946,1220,2021091913
0,78,36.376926818358456,1220,2021091913
0,79,32.34581931587856,1220,2021091913
0,1,27.035700000000002,1328,2021091913
0,2,27.214,1328,2021091913
0,3,27.125299999999996,1328,2021091913
0,4,27.226750000000013,1328,2021091913
0,5,27.2249,1328,2021091913
0,6,27.176399999999983,1328,2021091913
0,7,27.199700000000004,1328,2021091913
0,8,27.249650000000003,1328,2021091913
0,9,27.40384999999998,1328,2021091913
0,10,27.558199999999985,1328,2021091913
0,11,27.87805,1328,2021091913
0,12,28.395550000000014,1328,2021091913
0,13,29.04980000000001,1328,2021091913
0,14,29.404749999999982,1328,2021091913
0,15,29.830400000000022,1328,2021091913
0,16,30.220649999999967,1328,2021091913
0,17,30.374999999999964,1328,2021091913
0,18,30.686549999999983,1328,2021091913
0,19,30.87574999999999,1328,2021091913
0,20,31.065899999999985,1328,2021091913
0,21,31.065199999999994,1328,2021091913
0,22,30.982649999999992,1328,2021091913
0,23,31.77229999999999,1328,2021091913
0,24,32.39779999999999,1328,2021091913
0,25,32.87519999999998,1328,2021091913
0,26,33.19015000000001,1328,2021091913
0,27,33.32074999999998,1328,2021091913
0,28,33.200400000000016,1328,2021091913
0,29,32.79745000000003,1328,2021091913
0,30,32.0881,1328,2021091913
0,31,27.82447982630525,1328,2021091913
0,32,26.316697741414508,1328,2021091913
0,33,24.586868546635692,1328,2021091913
0,34,22.568528119565407,1328,2021091913
0,35,20.327321404217543,1328,2021091913
0,36,17.39021242919596,1328,2021091913
0,37,14.174268836658158,1328,2021091913
0,38,14.700180984684774,1328,2021091913
0,39,15.564839490412284,1328,2021091913
0,40,16.3283835422297,1328,2021091913
0,41,17.119202085801223,1328,2021091913
0,42,20.21900000000001,1328,2021091913
0,43,20.044349999999987,1328,2021091913
0,1,33.679950000000055,1352,2021091913
0,2,33.71390000000009,1352,2021091913
0,3,33.74145000000005,1352,2021091913
0,4,33.80630000000007,1352,2021091913
0,5,33.804150000000064,1352,2021091913
0,6,33.79434999999996,1352,2021091913
0,7,33.79449999999995,1352,2021091913
0,8,33.790349999999975,1352,2021091913
0,9,33.72970000000005,1352,2021091913
0,10,33.73145000000002,1352,2021091913
0,11,33.717549999999974,1352,2021091913
0,12,33.67830000000001,1352,2021091913
0,13,33.465399999999974,1352,2021091913
0,14,33.408449999999995,1352,2021091913
0,15,33.610749999999975,1352,2021091913
0,16,34.09050000000004,1352,2021091913
0,17,34.91735000000008,1352,2021091913
0,18,36.01130000000006,1352,2021091913
0,19,37.36450000000003,1352,2021091913
0,20,38.98185,1352,2021091913
0,21,40.65750000000003,1352,2021091913
0,22,42.397049999999936,1352,2021091913
0,23,44.211049999999986,1352,2021091913
0,24,46.28625,1352,2021091913
0,25,48.20235000000002,1352,2021091913
0,26,49.79430000000001,1352,2021091913
0,27,50.77225000000005,1352,2021091913
0,28,51.50415000000006,1352,2021091913
0,29,51.734149999999936,1352,2021091913
0,30,51.56834999999993,1352,2021091913
0,31,50.84244999999994,1352,2021091913
0,32,49.359750000000005,1352,2021091913
0,33,47.692549999999954,1352,2021091913
0,34,45.90950000000003,1352,2021091913
0,35,43.93454999999996,1352,2021091913
0,36,41.73480000000001,1352,2021091913
0,37,39.56120000000004,1352,2021091913
0,38,35.21058642356532,1352,2021091913
0,39,33.62563184393977,1352,2021091913
0,40,33.600900000000024,1352,2021091913
0,41,31.839650000000006,1352,2021091913
0,42,31.40890000000004,1352,2021091913
0,43,30.87305000000002,1352,2021091913
0,44,30.864749999999997,1352,2021091913
0,45,30.75789999999999,1352,2021091913
0,46,30.846550000000015,1352,2021091913
0,47,31.05500000000002,1352,2021091913
0,1,35.83410000000001,1399,2021091913
0,2,35.849900000000005,1399,2021091913
0,3,35.84989999999999,1399,2021091913
0,4,36.12584999999997,1399,2021091913
0,5,36.208799999999954,1399,2021091913
0,6,36.26610000000002,1399,2021091913
0,7,36.42915000000001,1399,2021091913
0,8,36.51825000000004,1399,2021091913
0,9,36.56455,1399,2021091913
0,10,36.608200000000046,1399,2021091913
0,11,36.59309999999997,1399,2021091913
0,12,36.59344999999998,1399,2021091913
0,13,36.77095,1399,2021091913
0,14,37.20749999999995,1399,2021091913
0,15,37.503300000000024,1399,2021091913
0,16,37.8013,1399,2021091913
0,17,38.200500000000005,1399,2021091913
0,18,38.54480000000008,1399,2021091913
0,19,38.92269999999996,1399,2021091913
0,20,39.32979999999999,1399,2021091913
0,21,39.609999999999935,1399,2021091913
0,22,39.8784,1399,2021091913
0,23,40.2,1399,2021091913
0,24,39.81741463882264,1399,2021091913
0,25,39.598038354001396,1399,2021091913
0,26,39.05928819731377,1399,2021091913
0,27,38.320025508412336,1399,2021091913
0,28,37.44279277480683,1399,2021091913
0,29,36.14110124975102,1399,2021091913
0,30,34.96385850002731,1399,2021091913
0,31,33.640682192493806,1399,2021091913
0,32,32.52466569956205,1399,2021091913
0,33,31.503018369064286,1399,2021091913
0,34,31.229200000000038,1399,2021091913
0,35,30.731550000000006,1399,2021091913
0,36,29.193998776986167,1399,2021091913
0,37,27.226341913187788,1399,2021091913
0,38,26.770985137765702,1399,2021091913
0,39,25.917194718113777,1399,2021091913
0,40,18.166223443569223,1399,2021091913
0,41,17.929649632700524,1399,2021091913
0,42,18.174418721467685,1399,2021091913
0,43,17.236450106512727,1399,2021091913
0,44,16.48903285734287,1399,2021091913
0,45,16.24236322946881,1399,2021091913
0,46,15.97002422444347,1399,2021091913
0,47,16.018117553763233,1399,2021091913
0,48,16.959642538581264,1399,2021091913
0,1,26.037649999999992,1453,2021091913
0,2,26.219949999999983,1453,2021091913
0,3,26.295199999999944,1453,2021091913
0,4,26.46825000000004,1453,2021091913
0,5,26.771450000000016,1453,2021091913
0,6,27.214349999999975,1453,2021091913
0,7,27.637199999999943,1453,2021091913
0,8,28.131000000000014,1453,2021091913
0,9,28.939399999999985,1453,2021091913
0,10,29.682900000000075,1453,2021091913
0,11,30.55800000000002,1453,2021091913
0,12,31.56225000000007,1453,2021091913
0,13,32.57749999999997,1453,2021091913
0,14,33.48319999999999,1453,2021091913
0,15,34.254200000000026,1453,2021091913
0,16,34.94129999999996,1453,2021091913
0,17,35.44054999999996,1453,2021091913
0,18,35.13882901825252,1453,2021091913
0,19,34.993035072477554,1453,2021091913
0,20,34.4607825742322,1453,2021091913
0,21,33.86265609754769,1453,2021091913
0,22,32.78383242870629,1453,2021091913
0,23,31.544039207553187,1453,2021091913
0,24,29.978934093779273,1453,2021091913
0,25,28.66028099002068,1453,2021091913
0,26,27.33724966229313,1453,2021091913
0,27,25.964310126708686,1453,2021091913
0,28,24.76021307733022,1453,2021091913
0,29,23.308837998725117,1453,2021091913
0,30,22.248602508718186,1453,2021091913
0,31,21.169886953762205,1453,2021091913
0,1,23.684700000000028,1477,2021091913
0,2,23.581950000000028,1477,2021091913
0,3,23.775800000000054,1477,2021091913
0,4,24.127300000000027,1477,2021091913
0,5,24.44894999999999,1477,2021091913
0,6,24.77574999999992,1477,2021091913
0,7,25.118499999999997,1477,2021091913
0,8,25.614499999999968,1477,2021091913
0,9,26.106149999999968,1477,2021091913
0,10,26.495400000000018,1477,2021091913
0,11,26.83989999999999,1477,2021091913
0,12,27.357150000000022,1477,2021091913
0,13,28.085599999999975,1477,2021091913
0,14,29.096549999999915,1477,2021091913
0,15,30.003500000000024,1477,2021091913
0,16,31.165800000000043,1477,2021091913
0,17,33.031150000000046,1477,2021091913
0,18,35.0023,1477,2021091913
0,19,37.15410000000004,1477,2021091913
0,20,39.607950000000045,1477,2021091913
0,21,41.92655000000002,1477,2021091913
0,22,42.398342383669814,1477,2021091913
0,23,43.86639084865384,1477,2021091913
0,24,45.32731056217692,1477,2021091913
0,25,46.22153478567181,1477,2021091913
0,26,45.68241255331443,1477,2021091913
0,27,45.1292795719651,1477,2021091913
0,28,43.259006033879174,1477,2021091913
0,29,41.99265290183713,1477,2021091913
0,30,40.846038179975366,1477,2021091913
0,31,39.02367625536502,1477,2021091913
0,32,36.86290327117348,1477,2021091913
0,33,34.95331055386038,1477,2021091913
0,34,32.59100418223466,1477,2021091913
0,35,30.55257144028018,1477,2021091913
0,36,28.741693958611194,1477,2021091913
0,37,26.9466795832299,1477,2021091913
0,38,24.687902018024765,1477,2021091913
0,39,22.124062511707216,1477,2021091913
0,40,23.303399999999982,1477,2021091913
0,41,22.12215000000002,1477,2021091913
0,42,21.733999999999998,1477,2021091913
0,43,21.7621,1477,2021091913
0,44,21.874350000000035,1477,2021091913
0,45,21.852100000000018,1477,2021091913
0,46,22.390350000000037,1477,2021091913
0,47,22.47830000000004,1477,2021091913
0,48,22.37340000000003,1477,2021091913
0,49,18.032671009414553,1477,2021091913
0,50,17.391273205154086,1477,2021091913
0,51,17.21801011018953,1477,2021091913
0,1,25.391399999999997,1606,2021091913
0,2,25.395000000000035,1606,2021091913
0,3,25.396200000000018,1606,2021091913
0,4,25.39500000000003,1606,2021091913
0,5,25.435499999999976,1606,2021091913
0,6,25.430499999999935,1606,2021091913
0,7,25.568749999999998,1606,2021091913
0,8,25.893899999999974,1606,2021091913
0,9,26.276300000000013,1606,2021091913
0,10,26.499599999999962,1606,2021091913
0,11,27.067800000000048,1606,2021091913
0,12,27.61479999999998,1606,2021091913
0,13,28.455000000000048,1606,2021091913
0,14,29.088300000000018,1606,2021091913
0,15,29.89070000000001,1606,2021091913
0,16,30.660750000000014,1606,2021091913
0,17,31.585649999999948,1606,2021091913
0,18,32.49839999999999,1606,2021091913
0,19,33.157600000000016,1606,2021091913
0,20,33.719099999999955,1606,2021091913
0,21,33.88159999999996,1606,2021091913
0,22,33.83894999999999,1606,2021091913
0,23,33.39519999999997,1606,2021091913
0,24,32.60929999999996,1606,2021091913
0,25,31.57529999999998,1606,2021091913
0,26,30.26820000000002,1606,2021091913
0,27,28.616499999999967,1606,2021091913
0,28,25.592399461102563,1606,2021091913
0,29,23.556749905604487,1606,2021091913
0,30,21.537681536581136,1606,2021091913
0,31,19.507365928879445,1606,2021091913
0,32,17.32968452208286,1606,2021091913
0,33,15.378015132411043,1606,2021091913
0,34,13.973314404809381,1606,2021091913
0,35,13.154442054749026,1606,2021091913
0,1,26.376149999999985,1719,2021091913
0,2,26.378349999999987,1719,2021091913
0,3,26.313949999999995,1719,2021091913
0,4,26.2994,1719,2021091913
0,5,26.365949999999994,1719,2021091913
0,6,26.384950000000003,1719,2021091913
0,7,26.503249999999984,1719,2021091913
0,8,26.54939999999998,1719,2021091913
0,9,26.48075000000001,1719,2021091913
0,10,26.392099999999992,1719,2021091913
0,11,26.413350000000012,1719,2021091913
0,12,26.501200000000004,1719,2021091913
0,13,26.866599999999988,1719,2021091913
0,14,27.192099999999996,1719,2021091913
0,15,27.615700000000007,1719,2021091913
0,16,28.141,1719,2021091913
0,17,28.460200000000015,1719,2021091913
0,18,28.794400000000014,1719,2021091913
0,19,28.985549999999986,1719,2021091913
0,20,28.97929999999999,1719,2021091913
0,21,28.81779999999999,1719,2021091913
0,22,28.547950000000004,1719,2021091913
0,23,27.938199999999988,1719,2021091913
0,24,27.284100000000002,1719,2021091913
0,25,26.577050000000003,1719,2021091913
0,26,23.564250557249714,1719,2021091913
0,27,25.107100000000024,1719,2021091913
0,28,24.34525000000002,1719,2021091913
0,1,31.6659,1802,2021091913
0,2,31.40689999999998,1802,2021091913
0,3,31.19925000000002,1802,2021091913
0,4,31.134800000000013,1802,2021091913
0,5,30.97479999999999,1802,2021091913
0,6,30.73509999999999,1802,2021091913
0,7,30.68425,1802,2021091913
0,8,30.693700000000018,1802,2021091913
0,9,30.729799999999983,1802,2021091913
0,10,30.620850000000004,1802,2021091913
0,11,30.464700000000008,1802,2021091913
0,12,30.134550000000004,1802,2021091913
0,13,29.756600000000013,1802,2021091913
0,14,29.06640000000003,1802,2021091913
0,15,28.382500000000007,1802,2021091913
0,16,27.91545,1802,2021091913
0,17,27.139100000000028,1802,2021091913
0,18,26.417149999999992,1802,2021091913
0,19,25.69015000000002,1802,2021091913
0,20,25.02140000000001,1802,2021091913
0,21,24.066400000000016,1802,2021091913
0,22,22.861849999999983,1802,2021091913
0,23,21.486049999999985,1802,2021091913
0,24,20.13870000000001,1802,2021091913
0,25,18.346300000000003,1802,2021091913
0,26,16.386649999999985,1802,2021091913
0,27,14.578750000000019,1802,2021091913
0,28,13.895200000000006,1802,2021091913
0,29,14.391000000000005,1802,2021091913
0,30,15.487200000000005,1802,2021091913
0,31,16.158750000000012,1802,2021091913
0,1,26.950300000000006,1866,2021091913
0,2,26.883899999999976,1866,2021091913
0,3,26.621399999999984,1866,2021091913
0,4,26.627000000000024,1866,2021091913
0,5,26.702300000000015,1866,2021091913
0,6,26.65074999999997,1866,2021091913
0,7,26.726149999999997,1866,2021091913
0,8,26.8729,1866,2021091913
0,9,26.878600000000027,1866,2021091913
0,10,27.036250000000038,1866,2021091913
0,11,27.338750000000005,1866,2021091913
0,12,28.10724999999999,1866,2021091913
0,13,29.011699999999998,1866,2021091913
0,14,30.299500000000016,1866,2021091913
0,15,31.666600000000003,1866,2021091913
0,16,33.49659999999996,1866,2021091913
0,17,35.44805000000004,1866,2021091913
0,18,37.490650000000024,1866,2021091913
0,19,39.52019999999999,1866,2021091913
0,20,41.274350000000005,1866,2021091913
0,21,42.943849999999976,1866,2021091913
0,22,44.28219999999999,1866,2021091913
0,23,45.01599999999999,1866,2021091913
0,24,45.333300000000015,1866,2021091913
0,25,44.54676274622364,1866,2021091913
0,26,43.62506554025836,1866,2021091913
0,27,41.09028872487005,1866,2021091913
0,28,39.40174126348063,1866,2021091913
0,29,37.62840473068653,1866,2021091913
0,30,36.63655,1866,2021091913
0,31,33.80605000000001,1866,2021091913
0,32,30.891299999999994,1866,2021091913
0,33,27.908,1866,2021091913
0,34,21.654710920215607,1866,2021091913
0,35,20.00696102082657,1866,2021091913
0,36,19.02516306472722,1866,2021091913
0,37,18.57139388090044,1866,2021091913
0,38,17.914202129380925,1866,2021091913
0,39,17.324482006137863,1866,2021091913
0,40,17.57263233033107,1866,2021091913
0,41,18.199625908560357,1866,2021091913
0,42,17.454189286219528,1866,2021091913
0,43,17.46411742567,1866,2021091913
0,44,17.581653707122182,1866,2021091913
0,1,27.56800000000004,1939,2021091913
0,2,27.567800000000002,1939,2021091913
0,3,27.719999999999995,1939,2021091913
0,4,27.581650000000003,1939,2021091913
0,5,27.518449999999984,1939,2021091913
0,6,27.609199999999994,1939,2021091913
0,7,27.697200000000024,1939,2021091913
0,8,27.904049999999987,1939,2021091913
0,9,28.294299999999982,1939,2021091913
0,10,28.78870000000002,1939,2021091913
0,11,29.270699999999962,1939,2021091913
0,12,29.85665000000002,1939,2021091913
0,13,30.305599999999984,1939,2021091913
0,14,30.726200000000006,1939,2021091913
0,15,31.104049999999965,1939,2021091913
0,16,31.226750000000013,1939,2021091913
0,17,31.23409999999997,1939,2021091913
0,18,30.941399999999987,1939,2021091913
0,19,30.21415000000001,1939,2021091913
0,20,29.179299999999994,1939,2021091913
0,21,27.871350000000035,1939,2021091913
0,22,26.121500000000044,1939,2021091913
0,23,24.383450000000007,1939,2021091913
0,24,22.87790000000002,1939,2021091913
0,25,18.85470051879858,1939,2021091913
0,26,17.677710224985745,1939,2021091913
0,27,17.37552801604183,1939,2021091913
0,28,17.09579802370784,1939,2021091913
0,29,17.18216391919371,1939,2021091913
0,30,17.280679359024603,1939,2021091913
0,31,17.166749372348615,1939,2021091913
0,32,16.7296507114415,1939,2021091913
0,33,16.33795538748332,1939,2021091913
0,34,15.922621936377057,1939,2021091913
0,35,15.462951315277586,1939,2021091913
0,36,14.95768942559063,1939,2021091913
0,37,14.878011313507514,1939,2021091913
0,38,15.315318653715359,1939,2021091913
0,39,15.791579733081392,1939,2021091913
0,40,16.521048518129092,1939,2021091913
0,41,17.046201341069775,1939,2021091913
0,42,17.616780021600007,1939,2021091913
0,43,18.29384106601512,1939,2021091913
0,1,25.913100000000007,2012,2021091913
0,2,25.859400000000015,2012,2021091913
0,3,25.817050000000027,2012,2021091913
0,4,25.7361,2012,2021091913
0,5,25.59135000000001,2012,2021091913
0,6,25.706300000000034,2012,2021091913
0,7,25.90164999999994,2012,2021091913
0,8,25.82240000000002,2012,2021091913
0,9,25.71984999999996,2012,2021091913
0,10,25.641299999999987,2012,2021091913
0,11,25.276400000000017,2012,2021091913
0,12,24.78125000000003,2012,2021091913
0,13,24.597800000000028,2012,2021091913
0,14,24.30614999999996,2012,2021091913
0,15,24.09139999999998,2012,2021091913
0,16,23.96250000000002,2012,2021091913
0,17,23.68369999999994,2012,2021091913
0,18,23.274199999999997,2012,2021091913
0,19,22.73400000000002,2012,2021091913
0,20,22.04864999999996,2012,2021091913
0,21,21.191000000000017,2012,2021091913
0,22,20.20489999999997,2012,2021091913
0,23,19.14894999999996,2012,2021091913
0,24,18.020350000000022,2012,2021091913
0,25,14.542919996164194,2012,2021091913
0,26,15.917549999999991,2012,2021091913
0,27,14.930249999999985,2012,2021091913
0,1,25.875400000000017,2186,2021091913
0,2,25.853999999999992,2186,2021091913
0,3,25.790049999999937,2186,2021091913
0,4,25.770449999999933,2186,2021091913
0,5,25.770449999999933,2186,2021091913
0,6,25.90170000000004,2186,2021091913
0,7,26.076550000000026,2186,2021091913
0,8,26.400849999999984,2186,2021091913
0,9,26.685999999999964,2186,2021091913
0,10,26.94879999999999,2186,2021091913
0,11,27.51549999999998,2186,2021091913
0,12,28.148399999999988,2186,2021091913
0,13,28.831100000000024,2186,2021091913
0,14,29.31904999999995,2186,2021091913
0,15,29.75924999999999,2186,2021091913
0,16,29.964750000000073,2186,2021091913
0,17,30.142600000000016,2186,2021091913
0,18,30.003250000000005,2186,2021091913
0,19,29.581550000000018,2186,2021091913
0,20,28.914349999999967,2186,2021091913
0,21,28.083699999999997,2186,2021091913
0,22,25.670329617967553,2186,2021091913
0,23,24.42844608924988,2186,2021091913
0,24,22.972658861653994,2186,2021091913
0,25,21.548497700797487,2186,2021091913
0,1,4.972600000000014,2210,2021091913
0,2,5.025700000000064,2210,2021091913
0,3,5.034899999999968,2210,2021091913
0,4,5.132650000000027,2210,2021091913
0,5,5.253399999999987,2210,2021091913
0,6,5.281300000000004,2210,2021091913
0,7,5.419150000000015,2210,2021091913
0,8,5.812000000000006,2210,2021091913
0,9,6.513400000000032,2210,2021091913
0,10,7.374549999999998,2210,2021091913
0,11,8.58090000000003,2210,2021091913
0,12,9.879999999999999,2210,2021091913
0,13,11.511899999999947,2210,2021091913
0,14,13.26474999999999,2210,2021091913
0,15,15.140550000000024,2210,2021091913
0,16,17.235900000000047,2210,2021091913
0,17,19.508300000000006,2210,2021091913
0,18,21.974100000000025,2210,2021091913
0,19,24.52720000000001,2210,2021091913
0,20,27.212349999999994,2210,2021091913
0,21,28.698314240378593,2210,2021091913
0,22,31.244831773697328,2210,2021091913
0,23,33.8746136533262,2210,2021091913
0,24,36.33982865925973,2210,2021091913
0,25,39.151072632231845,2210,2021091913
0,26,43.482507622564476,2210,2021091913
0,27,48.33949244236603,2210,2021091913
0,28,52.50798013632909,2210,2021091913
0,29,57.60789713476608,2210,2021091913
0,30,55.93061517532895,2210,2021091913
0,31,56.417336639193806,2210,2021091913
0,32,59.14244964373281,2210,2021091913
0,33,61.46774077164128,2210,2021091913
0,34,63.250743986929244,2210,2021091913
0,35,65.0903341465623,2210,2021091913
0,36,52.05524503307776,2210,2021091913
0,37,53.92073259905635,2210,2021091913
0,38,55.22444742174023,2210,2021091913
0,39,56.28569154274156,2210,2021091913
0,40,56.54075507226281,2210,2021091913
0,1,24.210600000000007,2255,2021091913
0,2,24.194499999999998,2255,2021091913
0,3,24.180600000000013,2255,2021091913
0,4,24.157350000000026,2255,2021091913
0,5,24.22245000000001,2255,2021091913
0,6,24.287249999999993,2255,2021091913
0,7,24.351950000000002,2255,2021091913
0,8,24.294600000000003,2255,2021091913
0,9,24.293599999999994,2255,2021091913
0,10,24.24314999999999,2255,2021091913
0,11,24.404250000000005,2255,2021091913
0,12,24.69805,2255,2021091913
0,13,25.071899999999985,2255,2021091913
0,14,25.273750000000003,2255,2021091913
0,15,25.526449999999997,2255,2021091913
0,16,25.329000000000022,2255,2021091913
0,17,25.131350000000033,2255,2021091913
0,18,24.572250000000018,2255,2021091913
0,19,23.779550000000018,2255,2021091913
0,20,22.645899999999994,2255,2021091913
0,21,21.34890000000002,2255,2021091913
0,22,19.918150000000008,2255,2021091913
0,23,18.487649999999974,2255,2021091913
0,24,17.112150000000003,2255,2021091913
0,25,15.77079999999997,2255,2021091913
0,26,15.059600000000003,2255,2021091913
0,1,31.75514999999999,2388,2021091913
0,2,31.50189999999999,2388,2021091913
0,3,31.474700000000006,2388,2021091913
0,4,31.296100000000003,2388,2021091913
0,5,31.286199999999994,2388,2021091913
0,6,31.14469999999998,2388,2021091913
0,7,30.917699999999986,2388,2021091913
0,8,30.634699999999984,2388,2021091913
0,9,30.532699999999984,2388,2021091913
0,10,30.280600000000035,2388,2021091913
0,11,30.03825000000002,2388,2021091913
0,12,30.099300000000028,2388,2021091913
0,13,30.17894999999996,2388,2021091913
0,14,30.66759999999998,2388,2021091913
0,15,30.932149999999993,2388,2021091913
0,16,31.41410000000002,2388,2021091913
0,17,31.869800000000005,2388,2021091913
0,18,32.30399999999999,2388,2021091913
0,19,32.53019999999996,2388,2021091913
0,20,32.85240000000001,2388,2021091913
0,21,32.87225000000001,2388,2021091913
0,22,32.97170000000001,2388,2021091913
0,23,33.05509999999997,2388,2021091913
0,24,33.11009999999998,2388,2021091913
0,25,33.01445000000002,2388,2021091913
0,26,32.70000000000001,2388,2021091913
0,27,32.55640000000001,2388,2021091913
0,28,32.294600000000024,2388,2021091913
0,29,31.972650000000023,2388,2021091913
0,30,31.805149999999998,2388,2021091913
0,31,31.502149999999983,2388,2021091913
0,32,31.26304999999997,2388,2021091913
0,33,30.966449999999984,2388,2021091913
0,34,30.687849999999987,2388,2021091913
0,35,30.17475000000003,2388,2021091913
0,36,29.719200000000022,2388,2021091913
0,37,29.25230000000002,2388,2021091913
0,38,28.81965000000001,2388,2021091913
0,39,28.47469999999998,2388,2021091913
0,40,25.40829000450771,2388,2021091913
0,41,24.770179390691972,2388,2021091913
0,42,24.456819073169427,2388,2021091913
0,43,24.620482958670664,2388,2021091913
0,44,25.066007091356425,2388,2021091913
0,45,25.90430311111896,2388,2021091913
0,46,26.913085727291573,2388,2021091913
0,1,27.09914999999999,2412,2021091913
0,2,27.027300000000004,2412,2021091913
0,3,26.882300000000022,2412,2021091913
0,4,26.78609999999999,2412,2021091913
0,5,26.746600000000043,2412,2021091913
0,6,26.901800000000033,2412,2021091913
0,7,27.0097,2412,2021091913
0,8,27.26775000000002,2412,2021091913
0,9,27.55599999999998,2412,2021091913
0,10,27.87889999999999,2412,2021091913
0,11,28.224399999999957,2412,2021091913
0,12,28.49459999999999,2412,2021091913
0,13,28.948799999999988,2412,2021091913
0,14,29.241300000000027,2412,2021091913
0,15,29.503450000000004,2412,2021091913
0,16,29.777749999999983,2412,2021091913
0,17,29.669200000000004,2412,2021091913
0,18,29.60694999999999,2412,2021091913
0,19,29.42354999999996,2412,2021091913
0,20,29.05590000000001,2412,2021091913
0,21,28.579599999999978,2412,2021091913
0,22,28.04640000000002,2412,2021091913
0,23,27.3917,2412,2021091913
0,24,26.652,2412,2021091913
0,25,25.925849999999983,2412,2021091913
0,26,24.986749999999986,2412,2021091913
0,27,23.7729,2412,2021091913
0,28,22.395600000000005,2412,2021091913
0,29,21.023399999999995,2412,2021091913
0,30,19.52480000000001,2412,2021091913
0,31,17.29710000000001,2412,2021091913
0,32,15.006400000000038,2412,2021091913
0,33,12.557400000000014,2412,2021091913
0,34,10.379999999999985,2412,2021091913
0,35,10.282749999999997,2412,2021091913
0,36,11.257199999999997,2412,2021091913
0,37,13.012999999999996,2412,2021091913
0,38,14.3478,2412,2021091913
0,39,9.685577980978358,2412,2021091913
0,40,9.02345224208667,2412,2021091913
0,41,8.399100000000011,2412,2021091913
0,42,7.830550779203139,2412,2021091913
0,43,7.486065593554569,2412,2021091913
0,44,7.057739237217764,2412,2021091913
0,1,25.02089999999995,2537,2021091913
0,2,24.834150000000022,2537,2021091913
0,3,24.643350000000027,2537,2021091913
0,4,24.48434999999997,2537,2021091913
0,5,24.379549999999988,2537,2021091913
0,6,24.362949999999966,2537,2021091913
0,7,24.320199999999993,2537,2021091913
0,8,24.327850000000034,2537,2021091913
0,9,24.356749999999966,2537,2021091913
0,10,24.696249999999978,2537,2021091913
0,11,25.073550000000026,2537,2021091913
0,12,25.39815000000002,2537,2021091913
0,13,25.89170000000003,2537,2021091913
0,14,26.20275000000001,2537,2021091913
0,15,26.307300000000044,2537,2021091913
0,16,26.402250000000045,2537,2021091913
0,17,26.423050000000003,2537,2021091913
0,18,26.192600000000056,2537,2021091913
0,19,25.908399999999983,2537,2021091913
0,20,25.10544999999998,2537,2021091913
0,21,24.015100000000047,2537,2021091913
0,22,22.684699999999953,2537,2021091913
0,23,21.01019999999997,2537,2021091913
0,24,19.168299999999977,2537,2021091913
0,25,17.414600000000064,2537,2021091913
0,26,15.522500000000003,2537,2021091913
0,27,13.812949999999997,2537,2021091913
0,28,12.512599999999981,2537,2021091913
0,29,11.295200000000001,2537,2021091913
0,30,10.55255000000002,2537,2021091913
0,1,23.8841,2561,2021091913
0,2,23.854599999999994,2561,2021091913
0,3,23.82510000000007,2561,2021091913
0,4,23.71020000000002,2561,2021091913
0,5,23.649600000000003,2561,2021091913
0,6,23.644099999999963,2561,2021091913
0,7,23.608399999999925,2561,2021091913
0,8,23.666900000000002,2561,2021091913
0,9,23.44154999999997,2561,2021091913
0,10,23.42399999999999,2561,2021091913
0,11,23.41514999999997,2561,2021091913
0,12,23.733750000000047,2561,2021091913
0,13,24.125349999999973,2561,2021091913
0,14,24.720150000000036,2561,2021091913
0,15,25.37115000000002,2561,2021091913
0,16,26.07710000000003,2561,2021091913
0,17,26.573199999999993,2561,2021091913
0,18,26.888650000000034,2561,2021091913
0,19,27.233500000000024,2561,2021091913
0,20,27.3962,2561,2021091913
0,21,27.347600000000014,2561,2021091913
0,22,27.05889999999998,2561,2021091913
0,23,26.77194999999996,2561,2021091913
0,24,26.23485000000001,2561,2021091913
0,25,25.709750000000067,2561,2021091913
0,26,24.96915,2561,2021091913
0,27,24.099249999999977,2561,2021091913
0,28,23.60369999999999,2561,2021091913
0,29,22.435943532606764,2561,2021091913
0,30,21.835972479412852,2561,2021091913
0,31,21.137366985929084,2561,2021091913
0,32,19.925095896350616,2561,2021091913
0,33,19.53184204968251,2561,2021091913
0,34,19.00989771579306,2561,2021091913
0,35,18.76950057775939,2561,2021091913
0,36,19.42955498178066,2561,2021091913
0,37,20.45751960270602,2561,2021091913
0,38,21.976731707636688,2561,2021091913
0,39,24.149734129386548,2561,2021091913
0,40,26.58936134020783,2561,2021091913
0,41,29.46917728178818,2561,2021091913
0,42,32.32988784200794,2561,2021091913
0,43,28.981562849610256,2561,2021091913
0,44,28.8214276687234,2561,2021091913
0,45,29.890032062104602,2561,2021091913
0,46,29.24670101366887,2561,2021091913
0,47,31.311414228801716,2561,2021091913
0,48,33.47041356552239,2561,2021091913
0,49,36.28582048900222,2561,2021091913
0,50,39.07151664890199,2561,2021091913
0,51,40.707992292320434,2561,2021091913
0,52,43.36704909836524,2561,2021091913
0,53,48.48049633245574,2561,2021091913
0,54,48.78429855265678,2561,2021091913
0,55,51.762577507549835,2561,2021091913
0,56,54.68502274034704,2561,2021091913
0,57,57.36086512554647,2561,2021091913
0,58,59.830430293786875,2561,2021091913
0,59,51.996410473102365,2561,2021091913
0,60,56.818225942973534,2561,2021091913
0,61,78.46400000000007,2561,2021091913
0,62,80.42150000000014,2561,2021091913
0,63,82.20190000000005,2561,2021091913
0,64,83.95899999999995,2561,2021091913
0,65,85.19275000000005,2561,2021091913
0,66,86.32989999999992,2561,2021091913
0,1,9.721900000000023,2593,2021091913
0,2,9.696899999999992,2593,2021091913
0,3,9.74645000000001,2593,2021091913
0,4,9.721100000000018,2593,2021091913
0,5,9.72920000000001,2593,2021091913
0,6,9.764400000000002,2593,2021091913
0,7,9.787099999999997,2593,2021091913
0,8,9.906550000000006,2593,2021091913
0,9,10.060450000000008,2593,2021091913
0,10,10.522850000000002,2593,2021091913
0,11,11.184799999999989,2593,2021091913
0,12,12.139750000000031,2593,2021091913
0,13,13.290299999999997,2593,2021091913
0,14,14.720600000000022,2593,2021091913
0,15,16.74184999999997,2593,2021091913
0,16,19.629949999999997,2593,2021091913
0,17,22.53925,2593,2021091913
0,18,25.62804999999998,2593,2021091913
0,19,28.755900000000054,2593,2021091913
0,20,31.6155,2593,2021091913
0,21,34.49345000000001,2593,2021091913
0,22,36.37855219433481,2593,2021091913
0,23,35.594719329077755,2593,2021091913
0,24,37.14842116793742,2593,2021091913
0,25,38.48579350168522,2593,2021091913
0,26,39.94854048415053,2593,2021091913
0,27,41.09783636860378,2593,2021091913
0,28,44.336801674825836,2593,2021091913
0,29,45.81677788902668,2593,2021091913
0,30,46.89815186446254,2593,2021091913
0,31,47.991939475416245,2593,2021091913
0,32,48.44129063068584,2593,2021091913
0,33,49.12559999999999,2593,2021091913
0,34,49.20800000000006,2593,2021091913
0,35,48.854699999999944,2593,2021091913
0,36,48.2541,2593,2021091913
0,37,47.176449999999974,2593,2021091913
0,38,40.96505824762976,2593,2021091913
0,39,40.0228962671971,2593,2021091913
0,40,39.69817296426159,2593,2021091913
0,41,39.65237679936807,2593,2021091913
0,42,39.73295002625765,2593,2021091913
0,43,40.021017992303456,2593,2021091913
0,44,40.69784547550749,2593,2021091913
0,45,42.331468651921355,2593,2021091913
0,46,43.86500827384577,2593,2021091913
0,47,45.66650311267736,2593,2021091913
0,48,47.2246778108775,2593,2021091913
0,49,48.72073119333716,2593,2021091913
0,1,25.754550000000002,2615,2021091913
0,2,25.58329999999997,2615,2021091913
0,3,25.522299999999987,2615,2021091913
0,4,25.453199999999992,2615,2021091913
0,5,25.359900000000007,2615,2021091913
0,6,25.27575000000001,2615,2021091913
0,7,25.361800000000002,2615,2021091913
0,8,25.58025,2615,2021091913
0,9,25.606550000000016,2615,2021091913
0,10,25.7199,2615,2021091913
0,11,25.847700000000014,2615,2021091913
0,12,25.95414999999998,2615,2021091913
0,13,26.30135000000004,2615,2021091913
0,14,26.81100000000001,2615,2021091913
0,15,27.16339999999997,2615,2021091913
0,16,27.455700000000004,2615,2021091913
0,17,27.815400000000004,2615,2021091913
0,18,28.30509999999999,2615,2021091913
0,19,28.711849999999952,2615,2021091913
0,20,28.885750000000023,2615,2021091913
0,21,28.908449999999988,2615,2021091913
0,22,28.798800000000007,2615,2021091913
0,23,28.32964999999998,2615,2021091913
0,24,27.870449999999998,2615,2021091913
0,25,27.29485,2615,2021091913
0,26,26.53129999999999,2615,2021091913
0,27,25.79955000000004,2615,2021091913
0,28,25.185699999999972,2615,2021091913
0,29,24.62115000000004,2615,2021091913
0,30,23.24828235036744,2615,2021091913
0,31,22.173679226207774,2615,2021091913
0,32,20.715838163166847,2615,2021091913
0,33,19.226276157670338,2615,2021091913
0,34,17.883116064928046,2615,2021091913
0,35,16.786710510043115,2615,2021091913
0,36,16.34605772050974,2615,2021091913
0,37,15.340408662249526,2615,2021091913
0,38,15.327022474238495,2615,2021091913
0,39,16.591037042652278,2615,2021091913
0,40,18.845911329756877,2615,2021091913
0,41,12.042821532604922,2615,2021091913
0,42,13.270783421356573,2615,2021091913
0,43,14.865753063466993,2615,2021091913
0,44,18.356818674730434,2615,2021091913
0,45,20.458693427767212,2615,2021091913
0,46,22.57478752538237,2615,2021091913
0,47,25.40370968690393,2615,2021091913
0,48,28.2062071906724,2615,2021091913
0,49,31.424145178003066,2615,2021091913
0,50,34.56032544849357,2615,2021091913
0,51,38.300718214418936,2615,2021091913
0,52,42.20092243390616,2615,2021091913
0,53,46.44472277328642,2615,2021091913
0,54,50.74970216389025,2615,2021091913
0,55,54.95930057223102,2615,2021091913
0,56,102.32850000000002,2615,2021091913
0,57,106.75040000000004,2615,2021091913
0,58,110.76224999999997,2615,2021091913
0,59,114.98935000000009,2615,2021091913
0,1,35.182850000000016,2698,2021091913
0,2,35.108549999999994,2698,2021091913
0,3,34.903999999999996,2698,2021091913
0,4,34.69149999999998,2698,2021091913
0,5,34.52064999999999,2698,2021091913
0,6,34.24970000000002,2698,2021091913
0,7,34.04770000000001,2698,2021091913
0,8,33.897450000000006,2698,2021091913
0,9,33.64570000000003,2698,2021091913
0,10,33.80325,2698,2021091913
0,11,34.27054999999999,2698,2021091913
0,12,34.697550000000014,2698,2021091913
0,13,34.89555,2698,2021091913
0,14,34.94504999999999,2698,2021091913
0,15,35.18345000000003,2698,2021091913
0,16,35.70930000000001,2698,2021091913
0,17,36.026600000000016,2698,2021091913
0,18,36.61954999999998,2698,2021091913
0,19,37.2201,2698,2021091913
0,20,37.73149999999998,2698,2021091913
0,21,38.21214999999999,2698,2021091913
0,22,38.51904999999999,2698,2021091913
0,23,38.965700000000005,2698,2021091913
0,24,39.31259999999998,2698,2021091913
0,25,39.68940000000003,2698,2021091913
0,26,39.89789999999998,2698,2021091913
0,27,40.11875000000002,2698,2021091913
0,28,39.89540000000002,2698,2021091913
0,29,37.84391812378027,2698,2021091913
0,30,36.43766452042463,2698,2021091913
0,31,34.79047475651047,2698,2021091913
0,32,32.81830039903639,2698,2021091913
0,33,30.477840563668533,2698,2021091913
0,34,28.042989598184427,2698,2021091913
0,35,25.23830810989482,2698,2021091913
0,36,23.965645578129006,2698,2021091913
0,37,22.813717983424656,2698,2021091913
0,38,21.724771701313337,2698,2021091913
0,39,21.171876665170227,2698,2021091913
0,40,21.20231682910494,2698,2021091913
0,41,20.82929618382456,2698,2021091913
0,42,18.848536710823943,2698,2021091913
0,43,18.108596447069093,2698,2021091913
0,44,15.242511218472986,2698,2021091913
0,45,14.169331588045333,2698,2021091913
0,46,12.764501323042865,2698,2021091913
0,47,11.193337193974028,2698,2021091913
0,1,26.545099999999977,2775,2021091913
0,2,26.4327,2775,2021091913
0,3,26.399049999999974,2775,2021091913
0,4,26.370199999999993,2775,2021091913
0,5,26.151400000000038,2775,2021091913
0,6,26.00809999999997,2775,2021091913
0,7,25.703400000000002,2775,2021091913
0,8,25.682550000000006,2775,2021091913
0,9,25.410400000000006,2775,2021091913
0,10,25.114050000000024,2775,2021091913
0,11,24.816000000000024,2775,2021091913
0,12,24.513449999999985,2775,2021091913
0,13,24.451450000000037,2775,2021091913
0,14,24.58480000000002,2775,2021091913
0,15,24.582,2775,2021091913
0,16,24.823449999999994,2775,2021091913
0,17,25.123950000000036,2775,2021091913
0,18,25.104199999999985,2775,2021091913
0,19,25.065800000000014,2775,2021091913
0,20,24.859649999999995,2775,2021091913
0,21,24.36680000000001,2775,2021091913
0,22,23.81975000000003,2775,2021091913
0,23,23.299550000000004,2775,2021091913
0,24,22.538850000000018,2775,2021091913
0,25,21.38459999999999,2775,2021091913
0,26,20.41459999999999,2775,2021091913
0,27,19.461200000000016,2775,2021091913
0,28,18.214799999999997,2775,2021091913
0,29,16.5151852927654,2775,2021091913
0,30,12.135265059163247,2775,2021091913
0,31,11.31383440159079,2775,2021091913
0,32,11.10677257713252,2775,2021091913
0,33,11.188570585148259,2775,2021091913
0,34,11.202771085944882,2775,2021091913
0,35,10.028195392089545,2775,2021091913
0,36,11.256508828466206,2775,2021091913
0,37,12.005575063163318,2775,2021091913
0,38,13.235511310339032,2775,2021091913
0,39,14.857657608821388,2775,2021091913
0,40,16.867263244534012,2775,2021091913
0,41,18.942289574025295,2775,2021091913
0,42,20.982170793189635,2775,2021091913
0,43,23.048682541566333,2775,2021091913
0,44,23.29040436768385,2775,2021091913
0,45,24.565731761084006,2775,2021091913
0,46,24.836784909788186,2775,2021091913
0,47,26.70254224194946,2775,2021091913
0,48,28.201604644640234,2775,2021091913
0,49,29.385767234812754,2775,2021091913
0,50,30.112185553642963,2775,2021091913
0,51,31.326748035495935,2775,2021091913
0,52,32.8251675046074,2775,2021091913
0,53,34.57629923854003,2775,2021091913
0,54,35.93875133973852,2775,2021091913
0,55,37.313466223630506,2775,2021091913
0,56,40.784870860660064,2775,2021091913
0,57,41.7310647130068,2775,2021091913
0,58,42.8150427879381,2775,2021091913
0,59,43.87696230776411,2775,2021091913
0,60,44.69432359209732,2775,2021091913
0,1,25.692599999999977,2876,2021091913
0,2,25.67754999999997,2876,2021091913
0,3,25.677549999999975,2876,2021091913
0,4,25.740150000000003,2876,2021091913
0,5,25.728750000000005,2876,2021091913
0,6,25.881600000000077,2876,2021091913
0,7,26.07539999999996,2876,2021091913
0,8,26.218800000000027,2876,2021091913
0,9,26.534550000000028,2876,2021091913
0,10,26.700350000000007,2876,2021091913
0,11,26.918900000000047,2876,2021091913
0,12,27.31910000000002,2876,2021091913
0,13,27.714300000000005,2876,2021091913
0,14,28.205200000000012,2876,2021091913
0,15,28.695350000000023,2876,2021091913
0,16,29.18269999999997,2876,2021091913
0,17,29.608099999999965,2876,2021091913
0,18,30.037950000000013,2876,2021091913
0,19,30.073900000000002,2876,2021091913
0,20,29.932849999999963,2876,2021091913
0,21,29.655900000000006,2876,2021091913
0,22,29.10030000000006,2876,2021091913
0,23,28.15745000000002,2876,2021091913
0,24,26.975900000000074,2876,2021091913
0,25,25.647199999999984,2876,2021091913
0,26,24.210200000000018,2876,2021091913
0,27,22.583350000000042,2876,2021091913
0,28,21.01530000000003,2876,2021091913
0,29,19.580850000000016,2876,2021091913
0,30,18.374650000000035,2876,2021091913
0,31,17.27649999999999,2876,2021091913
0,32,16.55415,2876,2021091913
0,33,16.180949999999978,2876,2021091913
0,34,16.359300000000054,2876,2021091913
0,35,16.74684999999995,2876,2021091913
0,1,27.571599999999997,2933,2021091913
0,2,27.423350000000028,2933,2021091913
0,3,27.3362,2933,2021091913
0,4,27.271999999999963,2933,2021091913
0,5,27.135850000000023,2933,2021091913
0,6,27.04570000000001,2933,2021091913
0,7,26.945650000000022,2933,2021091913
0,8,27.060650000000003,2933,2021091913
0,9,27.249800000000004,2933,2021091913
0,10,27.395150000000037,2933,2021091913
0,11,27.631800000000045,2933,2021091913
0,12,27.729950000000045,2933,2021091913
0,13,28.125500000000024,2933,2021091913
0,14,28.58144999999997,2933,2021091913
0,15,29.066150000000015,2933,2021091913
0,16,29.649750000000026,2933,2021091913
0,17,30.139449999999982,2933,2021091913
0,18,30.538100000000025,2933,2021091913
0,19,31.10904999999993,2933,2021091913
0,20,31.41625,2933,2021091913
0,21,31.82360000000001,2933,2021091913
0,22,32.04320000000002,2933,2021091913
0,23,31.948700000000034,2933,2021091913
0,24,31.951800000000055,2933,2021091913
0,25,31.49805000000003,2933,2021091913
0,26,30.82010000000002,2933,2021091913
0,27,29.996500000000047,2933,2021091913
0,28,29.10349999999999,2933,2021091913
0,29,28.06909999999997,2933,2021091913
0,30,27.11934999999999,2933,2021091913
0,31,25.79280000000004,2933,2021091913
0,32,24.682649999999953,2933,2021091913
0,33,23.192799999999988,2933,2021091913
0,34,21.642599999999995,2933,2021091913
0,35,19.79259999999998,2933,2021091913
0,36,17.856400000000058,2933,2021091913
0,37,16.37995000000002,2933,2021091913
0,38,14.777900000000018,2933,2021091913
0,39,14.28669999999996,2933,2021091913
0,40,13.158571374470144,2933,2021091913
0,41,14.653101441982354,2933,2021091913
0,42,17.00087898848507,2933,2021091913
0,43,19.473238547162687,2933,2021091913
0,44,21.876077692569332,2933,2021091913
0,45,24.347864805164477,2933,2021091913
0,46,24.135600780851835,2933,2021091913
0,47,25.29194702118419,2933,2021091913
0,48,23.91879681815727,2933,2021091913
0,49,18.74954157104043,2933,2021091913
0,50,20.400360824449635,2933,2021091913
0,51,18.539679984660605,2933,2021091913
0,52,19.71731570654864,2933,2021091913
0,53,20.830139792697434,2933,2021091913
0,54,21.8351000770407,2933,2021091913
0,55,28.311218958144,2933,2021091913
0,56,28.0745088305574,2933,2021091913
0,57,28.017867152374244,2933,2021091913
0,58,28.444162440625337,2933,2021091913
0,59,29.377589695745357,2933,2021091913
0,1,27.710150000000002,2960,2021091913
0,2,27.47879999999997,2960,2021091913
0,3,27.22634999999996,2960,2021091913
0,4,27.151349999999997,2960,2021091913
0,5,26.997499999999988,2960,2021091913
0,6,26.90010000000002,2960,2021091913
0,7,26.902300000000004,2960,2021091913
0,8,26.966599999999996,2960,2021091913
0,9,27.15785,2960,2021091913
0,10,27.26485,2960,2021091913
0,11,27.559449999999995,2960,2021091913
0,12,27.799500000000016,2960,2021091913
0,13,27.910299999999985,2960,2021091913
0,14,27.839949999999988,2960,2021091913
0,15,27.676199999999994,2960,2021091913
0,16,27.372200000000007,2960,2021091913
0,17,26.73624999999997,2960,2021091913
0,18,25.994100000000024,2960,2021091913
0,19,25.316150000000004,2960,2021091913
0,20,24.473150000000008,2960,2021091913
0,21,23.196150000000006,2960,2021091913
0,22,21.936600000000002,2960,2021091913
0,23,20.536900000000003,2960,2021091913
0,24,19.060999999999968,2960,2021091913
0,25,17.637650000000022,2960,2021091913
0,26,16.19879999999999,2960,2021091913
0,27,14.732899999999999,2960,2021091913
0,28,13.460299999999997,2960,2021091913
0,29,12.403799999999988,2960,2021091913
0,30,11.562450000000004,2960,2021091913
0,31,11.006999999999987,2960,2021091913
0,32,10.797999999999998,2960,2021091913
0,33,10.739000000000004,2960,2021091913
0,34,10.89265000000001,2960,2021091913
0,35,11.233900000000004,2960,2021091913
0,36,11.93345,2960,2021091913
0,37,12.926050000000004,2960,2021091913
0,38,14.53844999999999,2960,2021091913
0,39,16.710800000000027,2960,2021091913
0,40,19.2093,2960,2021091913
0,41,22.123650000000012,2960,2021091913
0,42,25.700550000000018,2960,2021091913
0,43,29.589399999999994,2960,2021091913
0,44,33.99405000000002,2960,2021091913
0,45,0.0,2960,2021091913
0,46,0.0,2960,2021091913
0,47,0.0,2960,2021091913
0,48,0.0,2960,2021091913
0,49,0.0,2960,2021091913
0,50,0.0,2960,2021091913
0,51,0.0,2960,2021091913
0,52,0.0,2960,2021091913
0,53,0.0,2960,2021091913
0,54,0.0,2960,2021091913
0,55,0.0,2960,2021091913
0,56,0.0,2960,2021091913
0,57,0.0,2960,2021091913
0,58,0.0,2960,2021091913
0,59,0.0,2960,2021091913
0,60,0.0,2960,2021091913
0,61,0.0,2960,2021091913
0,62,0.0,2960,2021091913
0,1,25.49650000000001,3004,2021091913
0,2,25.49649999999999,3004,2021091913
0,3,25.75609999999996,3004,2021091913
0,4,26.04484999999997,3004,2021091913
0,5,26.03979999999995,3004,2021091913
0,6,26.360250000000008,3004,2021091913
0,7,26.652149999999978,3004,2021091913
0,8,27.11184999999999,3004,2021091913
0,9,27.555250000000004,3004,2021091913
0,10,28.014150000000043,3004,2021091913
0,11,28.511699999999966,3004,2021091913
0,12,28.992900000000045,3004,2021091913
0,13,29.530599999999957,3004,2021091913
0,14,29.82304999999997,3004,2021091913
0,15,30.236600000000024,3004,2021091913
0,16,30.695649999999976,3004,2021091913
0,17,30.827250000000067,3004,2021091913
0,18,30.958799999999982,3004,2021091913
0,19,31.072249999999954,3004,2021091913
0,20,26.60288020135063,3004,2021091913
0,21,26.72734174466308,3004,2021091913
0,22,27.28792636062789,3004,2021091913
0,23,27.995807020922182,3004,2021091913
0,24,28.895756406538457,3004,2021091913
0,25,29.38611334405121,3004,2021091913
0,26,29.7944754466848,3004,2021091913
0,27,30.112431659136377,3004,2021091913
0,28,30.09936836673983,3004,2021091913
0,29,30.074096154758774,3004,2021091913
0,30,29.90227354436739,3004,2021091913
0,31,29.609694561408503,3004,2021091913
0,32,29.061349999999987,3004,2021091913
0,33,27.73534999999999,3004,2021091913
0,34,28.867099999999947,3004,2021091913
0,35,29.729650000000003,3004,2021091913
0,36,30.95169999999999,3004,2021091913
0,37,31.862200000000048,3004,2021091913
0,38,32.248300000000036,3004,2021091913
0,39,32.10075,3004,2021091913
0,40,31.6798,3004,2021091913
0,41,28.402652238667407,3004,2021091913
0,42,27.56374870447002,3004,2021091913
0,43,23.630530852608185,3004,2021091913
0,1,21.967650000000006,3068,2021091913
0,2,21.854099999999995,3068,2021091913
0,3,21.892200000000017,3068,2021091913
0,4,21.92400000000001,3068,2021091913
0,5,22.33900000000001,3068,2021091913
0,6,22.234799999999996,3068,2021091913
0,7,22.437599999999993,3068,2021091913
0,8,22.4296,3068,2021091913
0,9,22.647449999999992,3068,2021091913
0,10,22.982799999999997,3068,2021091913
0,11,23.47834999999998,3068,2021091913
0,12,24.17544999999999,3068,2021091913
0,13,24.973549999999996,3068,2021091913
0,14,25.877999999999993,3068,2021091913
0,15,26.8988,3068,2021091913
0,16,28.0016,3068,2021091913
0,17,29.17830000000001,3068,2021091913
0,18,30.35999999999998,3068,2021091913
0,19,31.50374999999999,3068,2021091913
0,20,32.740400000000015,3068,2021091913
0,21,33.7724,3068,2021091913
0,22,34.491050000000016,3068,2021091913
0,23,35.2972,3068,2021091913
0,24,35.7825,3068,2021091913
0,25,36.14905,3068,2021091913
0,26,36.200900000000004,3068,2021091913
0,27,35.5659,3068,2021091913
0,28,34.74630000000001,3068,2021091913
0,29,33.559650000000005,3068,2021091913
0,30,32.11005000000001,3068,2021091913
0,31,30.395899999999994,3068,2021091913
0,32,28.388249999999992,3068,2021091913
0,33,26.40529999999999,3068,2021091913
0,34,24.593799999999984,3068,2021091913
0,35,23.919300000000007,3068,2021091913
0,36,23.258650000000006,3068,2021091913
0,37,22.539700000000003,3068,2021091913
0,38,22.14414999999999,3068,2021091913
0,39,21.733200000000004,3068,2021091913
0,40,21.603,3068,2021091913
0,41,22.10865000000002,3068,2021091913
0,42,21.425046064154827,3068,2021091913
0,1,32.39805000000002,3139,2021091913
0,2,32.291150000000016,3139,2021091913
0,3,32.29635000000002,3139,2021091913
0,4,32.218999999999994,3139,2021091913
0,5,32.2362,3139,2021091913
0,6,32.292899999999996,3139,2021091913
0,7,32.31514999999998,3139,2021091913
0,8,32.362699999999975,3139,2021091913
0,9,32.453149999999994,3139,2021091913
0,10,32.47145,3139,2021091913
0,11,32.65780000000001,3139,2021091913
0,12,33.128299999999996,3139,2021091913
0,13,33.69879999999999,3139,2021091913
0,14,34.475849999999994,3139,2021091913
0,15,35.448499999999996,3139,2021091913
0,16,36.10514999999998,3139,2021091913
0,17,36.8733,3139,2021091913
0,18,37.5434,3139,2021091913
0,19,38.108999999999995,3139,2021091913
0,20,38.334800000000016,3139,2021091913
0,21,38.32145000000001,3139,2021091913
0,22,38.04834999999999,3139,2021091913
0,23,37.54325000000001,3139,2021091913
0,24,36.592500000000015,3139,2021091913
0,25,32.59026084961589,3139,2021091913
0,26,29.967038864926643,3139,2021091913
0,27,26.797751588455682,3139,2021091913
0,28,23.77185352496328,3139,2021091913
0,29,21.04059753809344,3139,2021091913
0,30,18.840237086509312,3139,2021091913
0,31,14.2197337460316,3139,2021091913
0,32,12.762489163745258,3139,2021091913
0,33,12.956071824573472,3139,2021091913
0,34,13.868443673065752,3139,2021091913
0,35,15.65303547289454,3139,2021091913
0,36,17.874553702145437,3139,2021091913
0,37,19.50767765422944,3139,2021091913
0,38,21.04534851081397,3139,2021091913
0,39,22.575203475862207,3139,2021091913
0,40,23.8762316004722,3139,2021091913
0,41,23.94147158122433,3139,2021091913
0,42,24.48851387264077,3139,2021091913
0,43,25.98754923440578,3139,2021091913
0,44,26.763706008821863,3139,2021091913
0,45,27.1500807893175,3139,2021091913
0,46,26.99430304542638,3139,2021091913
0,47,26.773875919455,3139,2021091913
0,48,26.887892743848333,3139,2021091913
0,49,22.51675381797446,3139,2021091913
0,50,23.32522491521616,3139,2021091913
0,51,24.034167120186922,3139,2021091913
0,52,26.773864322589766,3139,2021091913
0,53,27.025502078849126,3139,2021091913
0,1,25.688499999999987,3211,2021091913
0,2,25.583099999999988,3211,2021091913
0,3,25.519599999999958,3211,2021091913
0,4,25.440899999999985,3211,2021091913
0,5,25.47264999999997,3211,2021091913
0,6,25.53360000000001,3211,2021091913
0,7,25.6916,3211,2021091913
0,8,25.868999999999993,3211,2021091913
0,9,26.387099999999997,3211,2021091913
0,10,26.71544999999999,3211,2021091913
0,11,27.36540000000002,3211,2021091913
0,12,28.01974999999998,3211,2021091913
0,13,28.53030000000001,3211,2021091913
0,14,29.06244999999999,3211,2021091913
0,15,29.477300000000007,3211,2021091913
0,16,29.591049999999996,3211,2021091913
0,17,29.793900000000008,3211,2021091913
0,18,29.765500000000024,3211,2021091913
0,19,29.350800000000007,3211,2021091913
0,20,28.7685,3211,2021091913
0,21,28.060200000000002,3211,2021091913
0,22,26.765200000000004,3211,2021091913
0,23,25.311399999999992,3211,2021091913
0,24,23.54724999999999,3211,2021091913
0,25,21.69545000000001,3211,2021091913
0,26,19.749750000000013,3211,2021091913
0,27,17.835999999999984,3211,2021091913
0,28,16.150700000000015,3211,2021091913
0,29,14.724850000000007,3211,2021091913
0,30,14.584499999999995,3211,2021091913
0,31,15.424449999999998,3211,2021091913
0,1,28.896949999999986,3256,2021091913
0,2,28.85009999999999,3256,2021091913
0,3,28.76444999999997,3256,2021091913
0,4,28.654950000000007,3256,2021091913
0,5,28.647450000000006,3256,2021091913
0,6,28.454299999999996,3256,2021091913
0,7,28.382499999999997,3256,2021091913
0,8,28.38660000000002,3256,2021091913
0,9,28.277700000000003,3256,2021091913
0,10,28.256100000000018,3256,2021091913
0,11,28.361149999999967,3256,2021091913
0,12,28.609199999999973,3256,2021091913
0,13,29.128749999999965,3256,2021091913
0,14,29.495199999999986,3256,2021091913
0,15,29.677799999999976,3256,2021091913
0,16,30.006050000000023,3256,2021091913
0,17,30.20975000000001,3256,2021091913
0,18,29.998850000000004,3256,2021091913
0,19,29.53639999999996,3256,2021091913
0,20,29.093150000000012,3256,2021091913
0,21,28.458450000000003,3256,2021091913
0,22,27.57869999999998,3256,2021091913
0,23,26.52879999999998,3256,2021091913
0,24,25.368099999999977,3256,2021091913
0,25,24.0312,3256,2021091913
0,26,22.685100000000002,3256,2021091913
0,27,21.135250000000028,3256,2021091913
0,1,28.390050000000006,3280,2021091913
0,2,27.998550000000005,3280,2021091913
0,3,27.843500000000034,3280,2021091913
0,4,27.6153,3280,2021091913
0,5,27.459449999999997,3280,2021091913
0,6,27.354800000000015,3280,2021091913
0,7,27.404000000000025,3280,2021091913
0,8,27.371999999999947,3280,2021091913
0,9,27.5385,3280,2021091913
0,10,27.81759999999999,3280,2021091913
0,11,28.053450000000012,3280,2021091913
0,12,28.644849999999984,3280,2021091913
0,13,29.404299999999992,3280,2021091913
0,14,30.181699999999985,3280,2021091913
0,15,31.068199999999997,3280,2021091913
0,16,32.04060000000001,3280,2021091913
0,17,32.63624999999997,3280,2021091913
0,18,33.46899999999998,3280,2021091913
0,19,34.319500000000005,3280,2021091913
0,20,35.1464,3280,2021091913
0,21,35.93900000000002,3280,2021091913
0,22,36.600399999999965,3280,2021091913
0,23,37.178950000000015,3280,2021091913
0,24,37.22715,3280,2021091913
0,25,36.983999999999995,3280,2021091913
0,26,36.176749999999984,3280,2021091913
0,27,34.89115000000001,3280,2021091913
0,28,32.97600000000003,3280,2021091913
0,29,30.738099999999992,3280,2021091913
0,30,28.106900000000017,3280,2021091913
0,31,25.278750000000002,3280,2021091913
0,32,22.865549999999995,3280,2021091913
0,33,22.404400000000017,3280,2021091913
0,34,23.280650000000016,3280,2021091913
0,35,24.440799999999996,3280,2021091913
0,36,25.41045000000003,3280,2021091913
0,37,26.28585000000001,3280,2021091913
0,38,26.8573,3280,2021091913
0,39,27.319600000000012,3280,2021091913
0,40,27.909350000000014,3280,2021091913
0,41,28.65870000000002,3280,2021091913
0,42,30.06310000000001,3280,2021091913
0,1,42.02934999999995,3364,2021091913
0,2,42.26044999999996,3364,2021091913
0,3,42.29025,3364,2021091913
0,4,42.33090000000001,3364,2021091913
0,5,42.29299999999998,3364,2021091913
0,6,42.16359999999998,3364,2021091913
0,7,41.94155,3364,2021091913
0,8,41.58189999999996,3364,2021091913
0,9,41.38769999999994,3364,2021091913
0,10,40.88665000000001,3364,2021091913
0,11,40.34415,3364,2021091913
0,12,39.2775,3364,2021091913
0,13,37.94140000000001,3364,2021091913
0,14,36.09349999999999,3364,2021091913
0,15,34.355550000000015,3364,2021091913
0,16,32.41664999999996,3364,2021091913
0,17,30.519499999999976,3364,2021091913
0,18,28.717250000000003,3364,2021091913
0,19,26.954100000000018,3364,2021091913
0,20,26.22939999999998,3364,2021091913
0,21,26.981250000000024,3364,2021091913
0,22,28.511800000000022,3364,2021091913
0,23,29.54555000000005,3364,2021091913
0,24,30.398050000000023,3364,2021091913
0,25,25.54975660574129,3364,2021091913
0,26,24.257576450081782,3364,2021091913
0,27,19.546684144428802,3364,2021091913
0,28,18.84317863899185,3364,2021091913
0,29,18.12791018683279,3364,2021091913
0,30,17.503845871047744,3364,2021091913
0,31,16.99771343871185,3364,2021091913
0,32,16.40359603394747,3364,2021091913
0,33,15.9471596425487,3364,2021091913
0,34,9.756276978351421,3364,2021091913
0,35,7.577649228535847,3364,2021091913
0,36,6.673799531544711,3364,2021091913
0,37,6.779258993999797,3364,2021091913
0,1,44.52775,3428,2021091913
0,2,44.453199999999974,3428,2021091913
0,3,44.55349999999998,3428,2021091913
0,4,45.12775000000001,3428,2021091913
0,5,45.35435000000001,3428,2021091913
0,6,45.46849999999999,3428,2021091913
0,7,45.53724999999998,3428,2021091913
0,8,45.474550000000036,3428,2021091913
0,9,45.24880000000001,3428,2021091913
0,10,45.118750000000034,3428,2021091913
0,11,44.459999999999994,3428,2021091913
0,12,43.60464999999999,3428,2021091913
0,13,42.30960000000002,3428,2021091913
0,14,40.83895,3428,2021091913
0,15,39.23055000000004,3428,2021091913
0,16,37.351449999999986,3428,2021091913
0,17,35.57715000000001,3428,2021091913
0,18,34.290000000000006,3428,2021091913
0,19,32.8202167678058,3428,2021091913
0,20,33.02538008219697,3428,2021091913
0,21,33.448964375247975,3428,2021091913
0,22,34.28340189849627,3428,2021091913
0,23,35.40497759937664,3428,2021091913
0,24,36.85505024823657,3428,2021091913
0,25,39.98610218809159,3428,2021091913
0,26,44.07757199573223,3428,2021091913
0,27,47.95831246103518,3428,2021091913
0,28,50.60694430212136,3428,2021091913
0,29,52.094547950081505,3428,2021091913
0,30,53.12734265483801,3428,2021091913
0,31,53.701319301598126,3428,2021091913
0,32,54.10340698349309,3428,2021091913
0,33,53.72279269760385,3428,2021091913
0,34,50.160514204545024,3428,2021091913
0,35,47.06977783878072,3428,2021091913
0,36,43.41001611470223,3428,2021091913
0,37,39.599296593013264,3428,2021091913
0,38,35.54107308059838,3428,2021091913
0,39,30.593864136050758,3428,2021091913
0,40,28.61537866906698,3428,2021091913
0,41,27.162251247290175,3428,2021091913
0,42,26.212758374718618,3428,2021091913
0,43,28.238229299679908,3428,2021091913
0,44,28.29140406620246,3428,2021091913
0,45,27.50039337065316,3428,2021091913
0,46,27.93751884515947,3428,2021091913
0,47,19.911367539873712,3428,2021091913
0,48,23.484271432499565,3428,2021091913
0,49,22.09806417224207,3428,2021091913
0,50,21.437225217560933,3428,2021091913
0,51,20.46306820267626,3428,2021091913
0,52,20.57410210327861,3428,2021091913
0,53,15.255631231140573,3428,2021091913
0,54,15.777241021089473,3428,2021091913
0,55,22.144728591341003,3428,2021091913
0,56,20.821292026993895,3428,2021091913
0,1,50.41855000000001,3458,2021091913
0,2,49.97155000000002,3458,2021091913
0,3,49.020700000000026,3458,2021091913
0,4,48.14195000000002,3458,2021091913
0,5,46.3286,3458,2021091913
0,6,44.264849999999996,3458,2021091913
0,7,42.08874999999998,3458,2021091913
0,8,39.7214,3458,2021091913
0,9,37.009,3458,2021091913
0,10,34.4593,3458,2021091913
0,11,31.890599999999996,3458,2021091913
0,12,29.202499999999972,3458,2021091913
0,13,27.566199999999988,3458,2021091913
0,14,26.627000000000006,3458,2021091913
0,15,25.612999999999996,3458,2021091913
0,16,24.574299999999994,3458,2021091913
0,17,23.572699999999998,3458,2021091913
0,18,22.728249999999985,3458,2021091913
0,19,21.955349999999996,3458,2021091913
0,20,21.3036,3458,2021091913
0,21,21.579500000000003,3458,2021091913
0,22,23.890850000000007,3458,2021091913
0,23,27.432150000000007,3458,2021091913
0,24,30.931400000000004,3458,2021091913
0,25,34.21335000000003,3458,2021091913
0,26,37.06989999999997,3458,2021091913
0,27,39.40294999999999,3458,2021091913
0,28,41.00885,3458,2021091913
0,29,41.71059999999999,3458,2021091913
0,30,41.861150000000016,3458,2021091913
0,31,41.115050000000004,3458,2021091913
0,32,39.814049999999995,3458,2021091913
0,33,38.243600000000015,3458,2021091913
0,34,36.396100000000004,3458,2021091913
0,35,33.28932410249523,3458,2021091913
0,36,29.52828394224339,3458,2021091913
0,37,27.419185491403653,3458,2021091913
0,38,24.47750531341184,3458,2021091913
0,39,22.88738510775456,3458,2021091913
0,40,18.31159716111069,3458,2021091913
0,41,16.52702208084899,3458,2021091913
0,42,15.0878318759951,3458,2021091913
0,1,27.92479999999999,3555,2021091913
0,2,28.103799999999993,3555,2021091913
0,3,28.02934999999999,3555,2021091913
0,4,27.87394999999999,3555,2021091913
0,5,27.420799999999982,3555,2021091913
0,6,27.362000000000002,3555,2021091913
0,7,27.624599999999997,3555,2021091913
0,8,27.752399999999984,3555,2021091913
0,9,27.80395000000002,3555,2021091913
0,10,27.858500000000003,3555,2021091913
0,11,28.464750000000024,3555,2021091913
0,12,29.441400000000012,3555,2021091913
0,13,30.597150000000013,3555,2021091913
0,14,32.161100000000005,3555,2021091913
0,15,34.017549999999986,3555,2021091913
0,16,36.4341,3555,2021091913
0,17,38.739499999999985,3555,2021091913
0,18,41.19294999999998,3555,2021091913
0,19,43.49974999999999,3555,2021091913
0,20,45.869850000000014,3555,2021091913
0,21,49.2566,3555,2021091913
0,22,52.79735000000002,3555,2021091913
0,23,56.39249999999999,3555,2021091913
0,24,59.763900000000014,3555,2021091913
0,25,62.75200000000001,3555,2021091913
0,26,65.50889999999998,3555,2021091913
0,27,68.09904999999999,3555,2021091913
0,28,70.17300000000002,3555,2021091913
0,29,71.93795,3555,2021091913
0,30,73.2726,3555,2021091913
0,31,53.874711321950684,3555,2021091913
0,32,53.88571451357605,3555,2021091913
0,33,54.464547917438225,3555,2021091913
0,34,55.58895581340134,3555,2021091913
0,35,57.6295919689417,3555,2021091913
0,36,59.66299220495428,3555,2021091913
0,37,61.148147839923695,3555,2021091913
0,38,62.39143686462656,3555,2021091913
0,39,63.51165006093114,3555,2021091913
0,40,38.180796776517724,3555,2021091913
0,41,39.19796973167073,3555,2021091913
0,42,40.24081011376901,3555,2021091913
0,1,31.4535,3676,2021091913
0,2,31.034399999999998,3676,2021091913
0,3,30.382800000000007,3676,2021091913
0,4,30.231700000000004,3676,2021091913
0,5,30.04295,3676,2021091913
0,6,29.376599999999996,3676,2021091913
0,7,28.274000000000004,3676,2021091913
0,8,26.902299999999997,3676,2021091913
0,9,25.4548,3676,2021091913
0,10,24.66934999999998,3676,2021091913
0,11,24.3438,3676,2021091913
0,12,24.05549999999999,3676,2021091913
0,13,23.862150000000007,3676,2021091913
0,14,24.10480000000001,3676,2021091913
0,15,24.612450000000003,3676,2021091913
0,16,25.333099999999995,3676,2021091913
0,17,26.038499999999985,3676,2021091913
0,18,27.042000000000005,3676,2021091913
0,19,26.895860946772277,3676,2021091913
0,20,27.616655950509745,3676,2021091913
0,21,28.538287629057514,3676,2021091913
0,22,29.522327482470505,3676,2021091913
0,23,30.645460772908354,3676,2021091913
0,24,31.85490668285832,3676,2021091913
0,25,33.017145060811075,3676,2021091913
0,26,34.431072777889455,3676,2021091913
0,27,35.841952002770064,3676,2021091913
0,28,37.15814295740616,3676,2021091913
0,29,38.459528731440614,3676,2021091913
0,30,39.86543919764699,3676,2021091913
0,31,41.61289032092235,3676,2021091913
0,32,37.06171547799521,3676,2021091913
0,33,32.900962376393295,3676,2021091913
0,34,32.891448717376385,3676,2021091913
0,35,33.10161836634221,3676,2021091913
0,36,33.49384852561231,3676,2021091913
0,37,33.70988750920232,3676,2021091913
0,38,33.81522079744812,3676,2021091913
0,39,33.255189377225385,3676,2021091913
0,40,33.3299524575616,3676,2021091913
0,41,33.09135473548429,3676,2021091913
0,42,38.73380960611152,3676,2021091913
0,43,36.38740305111301,3676,2021091913
0,44,29.52710367068751,3676,2021091913
0,45,29.009118283026993,3676,2021091913
0,46,26.25042754093502,3676,2021091913
0,47,25.51386268550995,3676,2021091913
0,1,26.95225000000001,3705,2021091913
0,2,26.758050000000008,3705,2021091913
0,3,26.5288,3705,2021091913
0,4,26.331249999999997,3705,2021091913
0,5,26.27599999999999,3705,2021091913
0,6,26.234299999999998,3705,2021091913
0,7,26.258999999999993,3705,2021091913
0,8,26.332399999999993,3705,2021091913
0,9,26.768450000000012,3705,2021091913
0,10,27.039200000000022,3705,2021091913
0,11,27.14155000000001,3705,2021091913
0,12,27.289349999999992,3705,2021091913
0,13,27.608099999999986,3705,2021091913
0,14,27.83779999999997,3705,2021091913
0,15,28.02110000000002,3705,2021091913
0,16,27.33885346923229,3705,2021091913
0,17,26.753436306614066,3705,2021091913
0,18,26.878244869102936,3705,2021091913
0,19,26.727720733134404,3705,2021091913
0,20,26.87625000000001,3705,2021091913
0,21,25.892699999999998,3705,2021091913
0,22,24.85595000000001,3705,2021091913
0,23,23.539000000000023,3705,2021091913
0,24,21.934199999999976,3705,2021091913
0,25,19.93349999999999,3705,2021091913
0,26,17.91685000000001,3705,2021091913
0,27,16.046100000000006,3705,2021091913
0,28,15.423900000000012,3705,2021091913
0,29,14.661449999999997,3705,2021091913
0,30,13.737149999999994,3705,2021091913
0,31,13.4536,3705,2021091913
0,32,13.524800000000003,3705,2021091913
0,33,13.602449999999994,3705,2021091913
0,34,14.225399999999995,3705,2021091913
0,1,25.414800000000007,3729,2021091913
0,2,25.3693,3729,2021091913
0,3,25.30565,3729,2021091913
0,4,25.221250000000023,3729,2021091913
0,5,25.114850000000036,3729,2021091913
0,6,25.208549999999992,3729,2021091913
0,7,25.312699999999957,3729,2021091913
0,8,25.75424999999998,3729,2021091913
0,9,25.841899999999967,3729,2021091913
0,10,26.242900000000034,3729,2021091913
0,11,26.529750000000014,3729,2021091913
0,12,26.81594999999999,3729,2021091913
0,13,27.256899999999987,3729,2021091913
0,14,27.745849999999997,3729,2021091913
0,15,28.36624999999998,3729,2021091913
0,16,29.003050000000034,3729,2021091913
0,17,29.533699999999982,3729,2021091913
0,18,30.031950000000002,3729,2021091913
0,19,30.588199999999993,3729,2021091913
0,20,30.987750000000013,3729,2021091913
0,21,31.25945000000003,3729,2021091913
0,22,31.54400000000001,3729,2021091913
0,23,31.543200000000027,3729,2021091913
0,24,31.425949999999986,3729,2021091913
0,25,31.14245000000003,3729,2021091913
0,26,30.69764999999998,3729,2021091913
0,27,30.021699999999974,3729,2021091913
0,28,29.41874999999998,3729,2021091913
0,29,28.475700000000025,3729,2021091913
0,30,27.536150000000006,3729,2021091913
0,31,26.734999999999996,3729,2021091913
0,32,27.298599999999997,3729,2021091913
0,33,26.578849512602673,3729,2021091913
0,34,26.487710463046955,3729,2021091913
0,35,26.761734522801113,3729,2021091913
0,36,27.552535975380522,3729,2021091913
0,37,22.371491855071547,3729,2021091913
0,38,30.35020000000001,3729,2021091913
0,1,26.84725000000003,3907,2021091913
0,2,26.921250000000043,3907,2021091913
0,3,27.062399999999975,3907,2021091913
0,4,27.38,3907,2021091913
0,5,27.492149999999977,3907,2021091913
0,6,27.751749999999973,3907,2021091913
0,7,28.07625000000004,3907,2021091913
0,8,28.659499999999973,3907,2021091913
0,9,29.39425000000002,3907,2021091913
0,10,30.210200000000015,3907,2021091913
0,11,31.20739999999999,3907,2021091913
0,12,32.02365000000002,3907,2021091913
0,13,32.65254999999999,3907,2021091913
0,14,33.21389999999997,3907,2021091913
0,15,33.67425000000006,3907,2021091913
0,16,33.901000000000025,3907,2021091913
0,17,33.787350000000046,3907,2021091913
0,18,33.614299999999965,3907,2021091913
0,19,33.15540000000005,3907,2021091913
0,20,32.48129999999997,3907,2021091913
0,21,31.40515000000004,3907,2021091913
0,22,30.491050000000044,3907,2021091913
0,23,29.513900000000024,3907,2021091913
0,24,28.508100000000027,3907,2021091913
0,25,27.47750000000007,3907,2021091913
0,26,26.405149999999992,3907,2021091913
0,27,25.45885000000004,3907,2021091913
0,28,24.520700000000005,3907,2021091913
0,29,23.717200000000062,3907,2021091913
0,30,23.06920000000001,3907,2021091913
0,31,22.46814999999997,3907,2021091913
0,32,22.10194999999998,3907,2021091913
0,33,21.82350000000008,3907,2021091913
0,34,22.019250000000053,3907,2021091913
0,35,22.266750000000012,3907,2021091913
0,36,22.53165,3907,2021091913
0,37,21.800692129448098,3907,2021091913
